date,cols_lab,ok_lab,bad_lab,ok_all,bad_all,reg_a,reg_b,reg_c,reg_d,br_a,br_b,br_c,br_d,agg_a,agg_b,n_a,n_b,n_c,n_d,same_list,added,removed
2005-02-11,248,248,0,493,716,0.732,0.732,0.687,0.732,0.76,0.76,0.314,0.763,1.166,1.166,22,22,22,22,True,0,0
2005-02-18,248,248,0,493,716,0.747,0.747,0.712,0.748,0.607,0.607,0.256,0.619,1.166,1.166,22,22,22,22,True,0,0
2005-02-28,247,247,0,493,716,0.686,0.686,0.652,0.687,0.584,0.584,0.247,0.597,1.166,1.166,22,22,18,22,True,0,0
2005-03-07,247,247,0,493,716,0.717,0.717,0.672,0.716,0.753,0.753,0.307,0.742,1.166,1.166,22,22,18,22,True,0,0
2005-03-14,248,248,0,494,715,0.664,0.664,0.619,0.663,0.756,0.756,0.308,0.746,1.1,1.1,18,18,15,18,True,0,0
2005-03-21,248,248,0,494,715,0.617,0.617,0.586,0.619,0.54,0.54,0.232,0.56,1.04,1.04,15,15,15,15,True,0,0
2005-03-29,247,247,0,495,714,0.567,0.567,0.542,0.568,0.433,0.433,0.182,0.441,1.04,1.04,15,15,15,15,True,0,0
2005-04-05,247,247,0,495,714,0.607,0.607,0.57,0.606,0.626,0.626,0.255,0.613,1.04,1.04,15,15,15,15,True,0,0
2005-04-12,247,247,0,496,713,0.658,0.658,0.617,0.655,0.684,0.684,0.276,0.663,1.1,1.1,18,18,15,18,True,0,0
2005-04-19,247,247,0,496,713,0.592,0.592,0.562,0.594,0.53,0.53,0.228,0.546,1.04,1.04,15,15,15,15,True,0,0
2005-04-26,248,248,0,497,712,0.507,0.507,0.487,0.51,0.359,0.359,0.162,0.388,1.04,1.04,15,15,11,15,True,0,0
2005-05-03,248,248,0,497,712,0.53,0.53,0.501,0.531,0.51,0.51,0.215,0.515,1.04,1.04,15,15,15,15,True,0,0
2005-05-10,248,248,0,497,712,0.532,0.532,0.508,0.534,0.423,0.423,0.184,0.444,1.04,1.04,15,15,15,15,True,0,0
2005-05-17,248,248,0,498,711,0.654,0.654,0.614,0.652,0.673,0.673,0.272,0.653,1.1,1.1,18,18,15,18,True,0,0
2005-05-24,247,247,0,498,711,0.691,0.691,0.653,0.689,0.634,0.634,0.257,0.616,1.166,1.166,22,22,18,22,True,0,0
2005-06-01,247,247,0,499,710,0.714,0.714,0.666,0.711,0.789,0.789,0.314,0.757,1.166,1.166,22,22,18,22,True,0,0
2005-06-08,246,246,0,501,708,0.715,0.715,0.68,0.715,0.607,0.607,0.255,0.61,1.166,1.166,22,22,22,22,True,0,0
2005-06-15,247,247,0,501,708,0.74,0.74,0.702,0.742,0.672,0.672,0.291,0.696,1.166,1.166,22,22,22,22,True,0,0
2005-06-22,247,247,0,501,708,0.742,0.742,0.704,0.745,0.67,0.67,0.29,0.694,1.166,1.166,22,22,22,22,True,0,0
2005-06-29,246,246,0,501,708,0.685,0.685,0.652,0.689,0.604,0.604,0.267,0.639,1.166,1.166,22,22,18,22,True,0,0
2005-07-07,248,248,0,501,708,0.694,0.694,0.659,0.699,0.628,0.628,0.279,0.67,1.166,1.166,22,22,18,22,True,0,0
2005-07-14,249,249,0,501,708,0.742,0.742,0.702,0.743,0.693,0.693,0.292,0.702,1.166,1.166,22,22,22,22,True,0,0
2005-07-21,249,249,0,501,708,0.723,0.723,0.689,0.725,0.594,0.594,0.259,0.618,1.166,1.166,22,22,22,22,True,0,0
2005-07-28,251,251,0,501,708,0.808,0.808,0.761,0.808,0.81,0.81,0.341,0.816,1.166,1.166,22,22,22,22,True,0,0
2005-08-04,251,251,0,501,708,0.742,0.742,0.71,0.744,0.571,0.571,0.247,0.592,1.166,1.166,22,22,22,22,True,0,0
2005-08-11,251,251,0,501,708,0.734,0.734,0.691,0.733,0.735,0.735,0.304,0.729,1.166,1.166,22,22,22,22,True,0,0
2005-08-18,253,253,0,502,707,0.656,0.656,0.625,0.656,0.53,0.53,0.22,0.526,1.1,1.1,18,18,18,18,True,0,0
2005-08-25,252,252,0,503,706,0.644,0.644,0.611,0.647,0.595,0.595,0.259,0.617,1.1,1.1,18,18,15,18,True,0,0
2005-09-01,252,252,0,503,706,0.654,0.654,0.623,0.657,0.564,0.564,0.25,0.596,1.1,1.1,18,18,18,18,True,0,0
2005-09-09,253,253,0,505,704,0.684,0.684,0.644,0.685,0.706,0.706,0.302,0.717,1.166,1.166,22,22,18,22,True,0,0
2005-09-16,253,253,0,505,704,0.698,0.698,0.66,0.699,0.66,0.66,0.28,0.665,1.166,1.166,22,22,18,22,True,0,0
2005-09-23,253,253,0,505,704,0.667,0.667,0.637,0.669,0.539,0.539,0.238,0.565,1.1,1.1,18,18,18,18,True,0,0
2005-09-30,253,253,0,506,703,0.696,0.696,0.664,0.702,0.6,0.6,0.274,0.651,1.166,1.166,22,22,18,22,True,0,0
2005-10-07,255,255,0,506,703,0.585,0.585,0.556,0.587,0.508,0.508,0.225,0.531,1.04,1.04,15,15,15,15,True,0,0
2005-10-14,255,254,1,506,703,0.383,0.383,0.354,0.385,0.523,0.525,0.232,0.549,0.93,0.93,11,11,9,11,True,0,0
2005-10-21,255,254,1,506,703,0.342,0.342,0.316,0.346,0.486,0.487,0.221,0.524,0.82,0.82,9,9,9,9,True,0,0
2005-10-28,257,256,1,506,703,0.527,0.528,0.49,0.526,0.636,0.637,0.263,0.624,1.04,1.04,15,15,11,15,True,0,0
2005-11-04,255,254,1,507,702,0.626,0.627,0.594,0.628,0.56,0.562,0.242,0.573,1.1,1.1,18,18,15,18,True,0,0
2005-11-11,255,254,1,507,702,0.676,0.676,0.64,0.679,0.641,0.643,0.282,0.666,1.1,1.1,18,18,18,18,True,0,0
2005-11-18,255,254,1,507,702,0.76,0.76,0.72,0.761,0.698,0.701,0.3,0.712,1.166,1.166,22,22,22,22,True,0,0
2005-11-28,255,254,1,507,702,0.784,0.784,0.747,0.782,0.626,0.626,0.257,0.607,1.166,1.166,22,22,22,22,True,0,0
2005-12-05,256,255,1,507,702,0.757,0.757,0.719,0.757,0.663,0.663,0.279,0.66,1.166,1.166,22,22,22,22,True,0,0
2005-12-12,256,255,1,507,702,0.744,0.744,0.703,0.745,0.711,0.713,0.305,0.721,1.166,1.166,22,22,22,22,True,0,0
2005-12-19,257,256,1,507,702,0.712,0.712,0.677,0.71,0.598,0.6,0.248,0.586,1.166,1.166,22,22,18,22,True,0,0
2005-12-27,258,257,1,507,702,0.699,0.699,0.664,0.698,0.594,0.595,0.247,0.582,1.166,1.166,22,22,18,22,True,0,0
2006-01-04,259,258,1,507,702,0.738,0.738,0.695,0.739,0.761,0.762,0.325,0.766,1.166,1.166,22,22,22,22,True,0,0
2006-01-11,259,258,1,507,702,0.76,0.76,0.717,0.76,0.746,0.747,0.316,0.745,1.166,1.166,22,22,22,22,True,0,0
2006-01-19,259,258,1,507,702,0.752,0.752,0.71,0.753,0.751,0.751,0.323,0.762,1.166,1.166,22,22,22,22,True,0,0
2006-01-26,259,258,1,507,702,0.706,0.706,0.668,0.711,0.69,0.69,0.313,0.737,1.166,1.166,22,22,18,22,True,0,0
2006-02-02,260,259,1,508,701,0.654,0.654,0.625,0.657,0.525,0.525,0.237,0.557,1.1,1.1,18,18,18,18,True,0,0
2006-02-09,260,259,1,508,701,0.61,0.61,0.578,0.613,0.58,0.58,0.262,0.616,1.04,1.04,15,15,15,15,True,0,0
2006-02-16,261,260,1,508,701,0.685,0.685,0.642,0.686,0.744,0.745,0.32,0.756,1.166,1.166,22,22,18,22,True,0,0
2006-02-24,260,259,1,508,701,0.681,0.682,0.643,0.684,0.684,0.685,0.301,0.71,1.166,1.166,22,22,18,22,True,0,0
2006-03-03,261,260,1,508,701,0.703,0.703,0.669,0.706,0.61,0.611,0.27,0.637,1.166,1.166,22,22,18,22,True,0,0
2006-03-10,260,259,1,508,701,0.708,0.708,0.669,0.711,0.699,0.702,0.31,0.73,1.166,1.166,22,22,18,22,True,0,0
2006-03-17,261,260,1,509,700,0.731,0.731,0.692,0.733,0.698,0.7,0.304,0.714,1.166,1.166,22,22,22,22,True,0,0
2006-03-24,260,259,1,509,700,0.711,0.711,0.674,0.714,0.68,0.68,0.303,0.71,1.166,1.166,22,22,18,22,True,0,0
2006-03-31,260,259,1,509,700,0.72,0.72,0.69,0.728,0.578,0.578,0.282,0.66,1.166,1.166,22,22,22,22,True,0,0
2006-04-07,263,262,1,509,700,0.694,0.694,0.667,0.698,0.503,0.503,0.231,0.542,1.166,1.166,22,22,18,22,True,0,0
2006-04-17,263,262,1,510,699,0.665,0.665,0.636,0.668,0.523,0.524,0.24,0.56,1.1,1.1,18,18,18,18,True,0,0
2006-04-24,263,262,1,511,698,0.69,0.69,0.656,0.691,0.609,0.61,0.266,0.617,1.166,1.166,22,22,18,22,True,0,0
2006-05-01,263,262,1,511,698,0.683,0.684,0.653,0.686,0.548,0.549,0.248,0.575,1.166,1.166,22,22,18,22,True,0,0
2006-05-08,264,263,1,512,697,0.726,0.726,0.69,0.728,0.646,0.646,0.287,0.667,1.166,1.166,22,22,22,22,True,0,0
2006-05-15,263,262,1,512,697,0.625,0.625,0.59,0.623,0.606,0.606,0.249,0.58,1.1,1.1,18,18,15,18,True,0,0
2006-05-22,263,262,1,512,697,0.537,0.537,0.512,0.537,0.438,0.44,0.185,0.432,1.04,1.04,15,15,15,15,True,0,0
2006-05-30,263,262,1,513,696,0.481,0.481,0.463,0.482,0.325,0.325,0.146,0.338,0.93,0.93,11,11,11,11,True,0,0
2006-06-06,263,262,1,513,696,0.475,0.475,0.447,0.473,0.481,0.483,0.197,0.458,0.93,0.93,11,11,11,11,True,0,0
2006-06-13,263,262,1,513,696,0.254,0.254,0.235,0.252,0.321,0.322,0.129,0.299,0.82,0.82,9,9,9,9,True,0,0
2006-06-20,264,263,1,513,696,0.341,0.341,0.316,0.339,0.419,0.421,0.174,0.403,0.82,0.82,9,9,9,9,True,0,0
2006-06-27,264,263,1,513,696,0.326,0.326,0.306,0.325,0.332,0.333,0.142,0.329,0.82,0.82,9,9,9,9,True,0,0
2006-07-05,266,266,0,514,695,0.596,0.596,0.57,0.595,0.459,0.459,0.194,0.45,1.04,1.04,15,15,15,15,True,0,0
2006-07-12,265,265,0,514,695,0.614,0.614,0.591,0.615,0.413,0.413,0.18,0.418,1.04,1.04,15,15,15,15,True,0,0
2006-07-19,265,265,0,515,694,0.619,0.619,0.581,0.618,0.662,0.662,0.28,0.649,1.04,1.04,15,15,15,15,True,0,0
2006-07-26,266,266,0,515,694,0.606,0.606,0.576,0.605,0.519,0.519,0.22,0.512,1.04,1.04,15,15,15,15,True,0,0
2006-08-02,265,265,0,515,694,0.618,0.618,0.583,0.617,0.609,0.609,0.261,0.605,1.04,1.04,15,15,15,15,True,0,0
2006-08-09,265,265,0,515,694,0.647,0.647,0.619,0.646,0.477,0.477,0.2,0.466,1.1,1.1,18,18,15,18,True,0,0
2006-08-16,267,267,0,515,694,0.742,0.742,0.704,0.743,0.676,0.676,0.293,0.681,1.166,1.166,22,22,22,22,True,0,0
2006-08-23,267,267,0,515,694,0.725,0.725,0.695,0.723,0.522,0.522,0.216,0.502,1.166,1.166,22,22,22,22,True,0,0
2006-08-30,266,266,0,515,694,0.734,0.734,0.7,0.735,0.611,0.611,0.268,0.621,1.166,1.166,22,22,22,22,True,0,0
2006-09-07,266,266,0,517,692,0.735,0.735,0.706,0.735,0.516,0.516,0.22,0.509,1.166,1.166,22,22,22,22,True,0,0
2006-09-14,267,267,0,517,692,0.743,0.743,0.706,0.742,0.632,0.632,0.267,0.62,1.166,1.166,22,22,22,22,True,0,0
2006-09-21,267,267,0,518,691,0.746,0.746,0.713,0.745,0.573,0.573,0.242,0.558,1.166,1.166,22,22,22,22,True,0,0
2006-09-28,267,267,0,518,691,0.766,0.766,0.724,0.763,0.711,0.711,0.295,0.682,1.166,1.166,22,22,22,22,True,0,0
2006-10-05,267,267,0,518,691,0.809,0.809,0.769,0.811,0.717,0.717,0.318,0.734,1.166,1.166,22,22,22,22,True,0,0
2006-10-12,267,267,0,520,689,0.803,0.803,0.759,0.804,0.795,0.795,0.35,0.807,1.166,1.166,22,22,22,22,True,0,0
2006-10-19,267,267,0,520,689,0.799,0.799,0.761,0.801,0.689,0.689,0.309,0.71,1.166,1.166,22,22,22,22,True,0,0
2006-10-26,267,267,0,520,689,0.805,0.805,0.762,0.807,0.77,0.77,0.343,0.79,1.166,1.166,22,22,22,22,True,0,0
2006-11-02,268,267,1,520,689,0.749,0.749,0.712,0.749,0.648,0.65,0.282,0.65,1.166,1.166,22,22,22,22,True,0,0
2006-11-09,268,267,1,521,688,0.736,0.736,0.703,0.738,0.601,0.602,0.268,0.618,1.166,1.166,22,22,22,22,True,0,0
2006-11-16,269,268,1,522,687,0.787,0.787,0.742,0.785,0.783,0.786,0.334,0.77,1.166,1.166,22,22,22,22,True,0,0
2006-11-24,270,269,1,523,686,0.754,0.754,0.721,0.759,0.626,0.628,0.292,0.672,1.166,1.166,22,22,22,22,True,0,0
2006-12-01,270,269,1,523,686,0.759,0.76,0.725,0.761,0.622,0.623,0.276,0.634,1.166,1.166,22,22,22,22,True,0,0
2006-12-08,270,269,1,524,685,0.77,0.77,0.728,0.77,0.739,0.741,0.32,0.735,1.166,1.166,22,22,22,22,True,0,0
2006-12-15,270,269,1,524,685,0.767,0.767,0.726,0.764,0.718,0.719,0.3,0.686,1.166,1.166,22,22,22,22,True,0,0
2006-12-22,271,270,1,524,685,0.735,0.735,0.703,0.735,0.575,0.577,0.249,0.571,1.166,1.166,22,22,22,22,True,0,0
2007-01-03,270,269,1,525,684,0.73,0.73,0.69,0.729,0.691,0.691,0.299,0.684,1.166,1.166,22,22,22,22,True,0,0
2007-01-10,270,269,1,525,684,0.718,0.719,0.68,0.719,0.676,0.678,0.296,0.679,1.166,1.166,22,22,22,22,True,0,0
2007-01-18,270,269,1,525,684,0.715,0.716,0.681,0.715,0.608,0.61,0.264,0.607,1.166,1.166,22,22,22,22,True,0,0
2007-01-25,270,269,1,525,684,0.703,0.703,0.672,0.704,0.56,0.562,0.249,0.57,1.166,1.166,22,22,18,22,True,0,0
2007-02-01,270,269,1,526,683,0.768,0.768,0.722,0.768,0.811,0.812,0.352,0.806,1.166,1.166,22,22,22,22,True,0,0
2007-02-08,271,270,1,526,683,0.754,0.754,0.714,0.755,0.707,0.71,0.313,0.716,1.166,1.166,22,22,22,22,True,0,0
2007-02-15,271,270,1,526,683,0.753,0.753,0.709,0.752,0.772,0.773,0.337,0.769,1.166,1.166,22,22,22,22,True,0,0
2007-02-23,271,270,1,526,683,0.756,0.756,0.718,0.757,0.694,0.695,0.307,0.702,1.166,1.166,22,22,22,22,True,0,0
2007-03-02,272,271,1,526,683,0.468,0.468,0.444,0.469,0.429,0.431,0.194,0.444,0.93,0.93,11,11,11,11,True,0,0
2007-03-09,272,271,1,526,683,0.5,0.5,0.465,0.501,0.625,0.627,0.276,0.632,0.946,0.946,13,13,10,13,True,0,0
2007-03-16,272,271,1,527,682,0.417,0.417,0.392,0.419,0.462,0.463,0.211,0.479,0.846,0.846,10,10,10,10,True,0,0
2007-03-23,273,272,1,527,682,0.499,0.499,0.46,0.498,0.696,0.696,0.302,0.689,0.846,0.846,10,10,10,10,True,0,0
2007-03-30,274,273,1,527,682,0.663,0.664,0.632,0.666,0.59,0.591,0.271,0.618,1.1,1.1,18,18,18,18,True,0,0
2007-04-09,274,273,1,527,682,0.686,0.686,0.648,0.686,0.669,0.669,0.293,0.667,1.166,1.166,22,22,18,22,True,0,0
2007-04-16,276,275,1,527,682,0.776,0.776,0.731,0.776,0.803,0.804,0.354,0.805,1.166,1.166,22,22,22,22,True,0,0
2007-04-23,275,274,1,527,682,0.773,0.773,0.732,0.772,0.726,0.728,0.318,0.723,1.166,1.166,22,22,22,22,True,0,0
2007-04-30,275,274,1,528,681,0.765,0.765,0.731,0.763,0.597,0.599,0.255,0.58,1.166,1.166,22,22,22,22,True,0,0
2007-05-07,276,275,1,528,681,0.796,0.797,0.752,0.794,0.776,0.777,0.328,0.747,1.166,1.166,22,22,22,22,True,0,0
2007-05-14,276,275,1,528,681,0.732,0.732,0.694,0.73,0.662,0.664,0.283,0.642,1.166,1.166,22,22,22,22,True,0,0
2007-05-21,276,275,1,528,681,0.758,0.758,0.717,0.758,0.738,0.74,0.328,0.744,1.166,1.166,22,22,22,22,True,0,0
2007-05-29,276,275,1,528,681,0.782,0.783,0.741,0.782,0.734,0.737,0.321,0.73,1.166,1.166,22,22,22,22,True,0,0
2007-06-05,276,275,1,528,681,0.744,0.744,0.71,0.744,0.609,0.61,0.269,0.61,1.166,1.166,22,22,22,22,True,0,0
2007-06-12,276,275,1,528,681,0.623,0.623,0.598,0.624,0.459,0.46,0.208,0.471,1.1,1.1,18,18,15,18,True,0,0
2007-06-19,276,275,1,528,681,0.663,0.663,0.624,0.661,0.682,0.683,0.29,0.66,1.1,1.1,18,18,18,18,True,0,0
2007-06-26,276,275,1,528,681,0.539,0.539,0.513,0.542,0.484,0.486,0.226,0.514,1.04,1.04,15,15,15,15,True,0,0
2007-07-03,275,274,1,528,681,0.616,0.616,0.579,0.615,0.66,0.663,0.289,0.655,1.04,1.04,15,15,15,15,True,0,0
2007-07-11,275,274,1,528,681,0.641,0.641,0.603,0.64,0.672,0.673,0.292,0.665,1.1,1.1,18,18,15,18,True,0,0
2007-07-18,277,275,2,528,681,0.666,0.667,0.634,0.667,0.579,0.583,0.257,0.584,1.1,1.1,18,18,18,18,True,0,0
2007-07-25,277,276,1,529,680,0.635,0.635,0.605,0.635,0.531,0.532,0.238,0.538,1.1,1.1,18,18,15,18,True,0,0
2007-08-01,277,276,1,529,680,0.473,0.473,0.446,0.474,0.49,0.492,0.222,0.501,0.846,0.846,10,10,10,10,True,0,0
2007-08-08,277,276,1,530,679,0.468,0.468,0.438,0.47,0.551,0.553,0.253,0.571,0.846,0.846,10,10,10,10,True,0,0
2007-08-15,277,276,1,530,679,0.135,0.135,0.125,0.139,0.202,0.201,0.109,0.246,0.612,0.612,6,6,6,6,True,0,0
2007-08-22,277,276,1,530,679,0.463,0.463,0.434,0.466,0.554,0.555,0.258,0.582,0.846,0.846,10,10,10,10,True,0,0
2007-08-29,278,277,1,530,679,0.49,0.49,0.46,0.494,0.567,0.568,0.267,0.603,0.846,0.846,10,10,10,10,True,0,0
2007-09-06,278,277,1,531,678,0.572,0.572,0.545,0.576,0.51,0.511,0.244,0.55,0.946,0.946,13,13,13,13,True,0,0
2007-09-13,279,278,1,531,678,0.672,0.672,0.643,0.673,0.537,0.537,0.244,0.548,1.1,1.1,18,18,18,18,True,0,0
2007-09-20,278,277,1,532,677,0.649,0.649,0.623,0.652,0.486,0.486,0.232,0.519,1.001,1.001,15,15,15,15,True,0,0
2007-09-27,280,279,1,532,677,0.735,0.735,0.7,0.737,0.646,0.647,0.298,0.669,1.1,1.1,18,18,18,18,True,0,0
2007-10-04,281,280,1,533,676,0.751,0.751,0.713,0.75,0.668,0.669,0.297,0.665,1.1,1.1,18,18,18,18,True,0,0
2007-10-11,283,282,1,533,676,0.737,0.737,0.705,0.738,0.587,0.588,0.264,0.592,1.166,1.166,22,22,22,22,True,0,0
2007-10-18,284,283,1,533,676,0.722,0.722,0.691,0.724,0.579,0.58,0.27,0.605,1.166,1.166,22,22,22,22,True,0,0
2007-10-25,284,283,1,533,676,0.66,0.66,0.632,0.662,0.516,0.518,0.24,0.537,1.1,1.1,18,18,18,18,True,0,0
2007-11-01,285,283,2,533,676,0.568,0.568,0.552,0.573,0.333,0.334,0.17,0.383,1.04,1.04,15,15,15,15,True,0,0
2007-11-08,285,283,2,533,676,0.328,0.328,0.303,0.331,0.465,0.467,0.222,0.497,0.746,0.746,7,7,7,7,True,0,0
2007-11-15,284,282,2,534,675,0.315,0.315,0.299,0.319,0.32,0.322,0.16,0.357,0.746,0.746,7,7,7,7,True,0,0
2007-11-23,287,285,2,534,675,0.27,0.27,0.241,0.27,0.531,0.531,0.239,0.533,0.746,0.746,7,7,6,7,True,0,0
2007-11-30,287,285,2,534,675,0.532,0.532,0.501,0.531,0.544,0.545,0.242,0.539,0.946,0.946,13,13,13,13,True,0,0
2007-12-07,287,285,2,534,675,0.634,0.635,0.607,0.637,0.522,0.525,0.243,0.543,1.001,1.001,15,15,13,15,True,0,0
2007-12-14,287,285,2,534,675,0.369,0.369,0.351,0.37,0.337,0.336,0.158,0.35,0.746,0.746,7,7,7,7,True,0,0
2007-12-21,288,286,2,534,675,0.668,0.668,0.634,0.667,0.613,0.613,0.274,0.607,1.001,1.001,15,15,15,15,True,0,0
2007-12-31,288,286,2,534,675,0.399,0.399,0.378,0.401,0.39,0.39,0.185,0.411,0.846,0.846,10,10,7,10,True,0,0
2008-01-08,287,285,2,535,674,0.269,0.27,0.257,0.27,0.241,0.241,0.112,0.248,0.746,0.746,7,7,7,7,True,0,0
2008-01-15,288,286,2,536,673,0.317,0.317,0.307,0.319,0.186,0.188,0.094,0.207,0.746,0.746,7,7,7,7,True,0,0
2008-01-23,288,286,2,536,673,0.249,0.249,0.229,0.25,0.366,0.369,0.169,0.374,0.612,0.612,6,6,6,6,True,0,0
2008-01-30,288,286,2,536,673,0.261,0.261,0.247,0.262,0.26,0.26,0.12,0.263,0.746,0.746,7,7,6,7,True,0,0
2008-02-06,288,286,2,537,672,0.262,0.262,0.25,0.264,0.236,0.237,0.117,0.258,0.612,0.612,6,6,6,6,True,0,0
2008-02-13,288,286,2,537,672,0.375,0.375,0.351,0.377,0.454,0.454,0.213,0.471,0.746,0.746,7,7,7,7,True,0,0
2008-02-21,288,286,2,539,670,0.407,0.408,0.397,0.41,0.219,0.221,0.111,0.245,0.846,0.846,10,10,10,10,True,0,0
2008-02-28,288,286,2,540,669,0.407,0.407,0.391,0.409,0.301,0.302,0.144,0.318,0.846,0.846,10,10,10,10,True,0,0
2008-03-06,288,286,2,540,669,0.37,0.37,0.363,0.373,0.158,0.158,0.083,0.182,0.672,0.672,6,6,6,6,True,0,0
2008-03-13,287,285,2,540,669,0.348,0.348,0.329,0.351,0.37,0.373,0.181,0.4,0.746,0.746,7,7,7,7,True,0,0
2008-03-20,287,285,2,540,669,0.308,0.308,0.28,0.306,0.498,0.5,0.219,0.483,0.746,0.746,7,7,7,7,True,0,0
2008-03-28,287,285,2,540,669,0.3,0.3,0.285,0.3,0.287,0.287,0.133,0.291,0.746,0.746,7,7,7,7,True,0,0
2008-04-04,288,287,1,541,668,0.474,0.475,0.446,0.474,0.524,0.526,0.236,0.519,0.846,0.846,10,10,10,10,True,0,0
2008-04-11,288,287,1,542,667,0.431,0.431,0.415,0.431,0.286,0.287,0.131,0.29,0.846,0.846,10,10,10,10,True,0,0
2008-04-18,288,286,2,542,667,0.537,0.537,0.502,0.537,0.644,0.646,0.292,0.643,0.946,0.946,13,13,13,13,True,0,0
2008-04-25,289,287,2,542,667,0.591,0.591,0.559,0.593,0.61,0.613,0.284,0.628,0.946,0.946,13,13,13,13,True,0,0
2008-05-02,290,288,2,542,667,0.587,0.587,0.554,0.586,0.603,0.605,0.267,0.591,1.04,1.04,15,15,15,15,True,0,0
2008-05-09,289,287,2,542,667,0.577,0.577,0.553,0.58,0.463,0.464,0.226,0.497,1.04,1.04,15,15,15,15,True,0,0
2008-05-16,290,288,2,544,665,0.757,0.757,0.726,0.759,0.583,0.584,0.274,0.6,1.166,1.166,22,22,22,22,True,0,0
2008-05-23,289,287,2,544,665,0.47,0.471,0.453,0.475,0.354,0.355,0.18,0.397,0.93,0.93,11,11,11,11,True,0,0
2008-06-02,290,288,2,544,665,0.495,0.495,0.477,0.499,0.377,0.378,0.192,0.42,0.93,0.93,11,11,11,11,True,0,0
2008-06-09,290,288,2,544,665,0.449,0.449,0.425,0.449,0.435,0.436,0.201,0.441,0.846,0.846,10,10,10,10,True,0,0
2008-06-16,290,288,2,544,665,0.385,0.386,0.363,0.391,0.45,0.452,0.23,0.506,0.846,0.846,10,10,7,10,True,0,0
2008-06-23,288,286,2,544,665,0.373,0.373,0.357,0.376,0.318,0.318,0.159,0.349,0.746,0.746,7,7,7,7,True,0,0
2008-06-30,288,286,2,544,665,0.307,0.307,0.293,0.308,0.274,0.276,0.132,0.291,0.746,0.746,7,7,7,7,True,0,0
2008-07-08,287,285,2,544,665,0.349,0.349,0.328,0.351,0.397,0.397,0.19,0.415,0.82,0.82,9,9,9,9,True,0,0
2008-07-15,280,278,2,544,665,0.288,0.288,0.276,0.29,0.234,0.235,0.115,0.251,0.672,0.672,6,6,6,6,True,0,0
2008-07-22,287,286,1,545,664,0.359,0.359,0.337,0.363,0.429,0.428,0.214,0.469,0.746,0.746,7,7,7,7,True,0,0
2008-07-29,285,284,1,545,664,0.368,0.368,0.345,0.372,0.457,0.457,0.228,0.498,0.746,0.746,7,7,7,7,True,0,0
2008-08-05,286,285,1,545,664,0.45,0.45,0.42,0.451,0.565,0.565,0.262,0.575,0.846,0.846,10,10,10,10,True,0,0
2008-08-12,288,287,1,547,662,0.459,0.459,0.438,0.462,0.411,0.411,0.201,0.439,0.846,0.846,10,10,10,10,True,0,0
2008-08-19,285,284,1,547,662,0.379,0.379,0.361,0.382,0.364,0.364,0.176,0.385,0.746,0.746,7,7,7,10,True,0,0
2008-08-26,288,287,1,547,662,0.409,0.409,0.382,0.41,0.507,0.508,0.235,0.515,0.846,0.846,10,10,10,10,True,0,0
2008-09-03,289,288,1,548,661,0.443,0.443,0.416,0.444,0.498,0.499,0.233,0.509,0.846,0.846,10,10,10,10,True,0,0
2008-09-10,287,286,1,549,660,0.344,0.344,0.32,0.346,0.466,0.466,0.222,0.483,0.746,0.746,7,7,7,7,True,0,0
2008-09-17,284,283,1,549,660,0.192,0.192,0.183,0.194,0.185,0.186,0.095,0.208,0.612,0.612,6,6,6,6,True,0,0
2008-09-24,287,286,1,549,660,0.189,0.189,0.172,0.189,0.323,0.323,0.144,0.315,0.612,0.612,6,6,6,6,True,0,0
2008-10-01,287,286,1,549,660,0.144,0.144,0.13,0.144,0.259,0.258,0.119,0.258,0.612,0.612,6,6,6,6,True,0,0
2008-10-08,283,282,1,549,660,0.02,0.02,0.013,0.02,0.128,0.129,0.061,0.134,0.612,0.612,6,6,6,6,True,0,0
2008-10-15,277,276,1,551,658,0.004,0.004,0.003,0.004,0.013,0.013,0.009,0.019,0.612,0.612,6,6,6,6,True,0,0
2008-10-22,279,278,1,551,658,0.003,0.003,0.002,0.004,0.028,0.028,0.015,0.034,0.612,0.612,6,6,6,6,True,0,0
2008-10-29,277,276,1,551,658,0.041,0.041,0.035,0.045,0.142,0.142,0.085,0.184,0.612,0.612,6,6,6,6,True,0,0
2008-11-05,282,281,1,552,657,0.235,0.235,0.233,0.235,0.043,0.043,0.023,0.05,0.612,0.612,6,6,6,6,True,0,0
2008-11-12,268,267,1,552,657,0.13,0.13,0.129,0.131,0.018,0.018,0.011,0.023,0.612,0.612,6,6,6,6,True,0,0
2008-11-19,263,262,1,552,657,0.109,0.109,0.108,0.11,0.016,0.016,0.01,0.022,0.612,0.612,6,6,6,6,True,0,0
2008-11-26,275,274,1,552,657,0.2,0.2,0.182,0.2,0.338,0.338,0.156,0.339,0.612,0.612,6,6,6,6,True,0,0
2008-12-04,267,266,1,552,657,0.182,0.182,0.176,0.182,0.112,0.113,0.052,0.112,0.612,0.612,6,6,6,6,True,0,0
2008-12-11,273,272,1,552,657,0.224,0.224,0.217,0.224,0.125,0.124,0.056,0.119,0.612,0.612,6,6,6,6,True,0,0
2008-12-18,274,273,1,552,657,0.465,0.465,0.45,0.465,0.269,0.269,0.123,0.267,0.694,0.694,6,6,6,6,True,0,0
2008-12-26,271,270,1,552,657,0.351,0.351,0.332,0.353,0.371,0.37,0.18,0.389,0.612,0.612,6,6,6,6,True,0,0
2009-01-05,278,278,0,554,655,0.602,0.602,0.58,0.602,0.418,0.418,0.194,0.418,0.97,0.97,14,14,14,14,True,0,0
2009-01-12,276,276,0,554,655,0.408,0.408,0.396,0.409,0.237,0.237,0.112,0.242,0.694,0.694,6,6,6,6,True,0,0
2009-01-20,267,267,0,554,655,0.3,0.3,0.295,0.302,0.103,0.103,0.054,0.117,0.612,0.612,6,6,6,6,True,0,0
2009-01-27,270,270,0,554,655,0.392,0.392,0.371,0.393,0.392,0.392,0.185,0.398,0.694,0.694,6,6,6,6,True,0,0
2009-02-03,268,268,0,554,655,0.307,0.307,0.284,0.306,0.416,0.416,0.185,0.396,0.746,0.746,7,7,7,7,True,0,0
2009-02-10,267,267,0,555,654,0.337,0.337,0.33,0.338,0.145,0.145,0.074,0.159,0.746,0.746,7,7,7,7,True,0,0
2009-02-18,264,264,0,555,654,0.384,0.384,0.374,0.385,0.204,0.204,0.097,0.208,0.694,0.694,6,6,6,6,True,0,0
2009-02-25,263,263,0,557,652,0.264,0.264,0.259,0.267,0.125,0.125,0.068,0.147,0.612,0.612,6,6,6,6,True,0,0
2009-03-04,257,257,0,557,652,0.261,0.261,0.247,0.263,0.281,0.281,0.139,0.301,0.612,0.612,6,6,6,6,True,0,0
2009-03-11,258,258,0,557,652,0.252,0.252,0.242,0.254,0.213,0.213,0.106,0.229,0.612,0.612,6,6,6,6,True,0,0
2009-03-18,270,270,0,558,651,0.453,0.453,0.433,0.455,0.403,0.403,0.197,0.425,0.694,0.694,6,6,6,6,True,0,0
2009-03-25,269,269,0,558,651,0.555,0.555,0.535,0.558,0.394,0.394,0.195,0.42,0.849,0.849,10,10,10,10,True,0,0
2009-04-01,268,268,0,559,650,0.631,0.631,0.607,0.632,0.449,0.449,0.216,0.464,0.821,0.821,10,10,8,10,True,0,0
2009-04-08,272,272,0,559,650,0.626,0.626,0.599,0.628,0.517,0.517,0.247,0.531,1.001,1.001,15,15,13,15,True,0,0
2009-04-16,276,276,0,559,650,0.681,0.681,0.651,0.683,0.589,0.589,0.284,0.611,1.001,1.001,15,15,15,15,True,0,0
2009-04-23,277,277,0,559,650,0.53,0.53,0.502,0.53,0.517,0.517,0.238,0.513,0.946,0.946,13,13,13,13,True,0,0
2009-04-30,284,284,0,559,650,0.601,0.601,0.573,0.603,0.543,0.543,0.26,0.559,0.946,0.946,13,13,13,13,True,0,0
2009-05-07,285,285,0,559,650,0.634,0.634,0.607,0.635,0.507,0.507,0.241,0.517,1.001,1.001,15,15,13,15,True,0,0
2009-05-14,280,280,0,559,650,0.622,0.622,0.591,0.624,0.598,0.598,0.284,0.611,1.001,1.001,15,15,13,15,True,0,0
2009-05-21,282,282,0,559,650,0.624,0.624,0.604,0.627,0.398,0.398,0.201,0.432,1.001,1.001,15,15,13,15,True,0,0
2009-05-29,286,286,0,559,650,0.926,0.926,0.887,0.924,0.718,0.718,0.325,0.701,1.001,1.001,15,15,15,15,True,0,0
2009-06-05,287,287,0,560,649,0.844,0.844,0.811,0.845,0.631,0.631,0.297,0.638,1.001,1.001,15,15,15,15,True,0,0
2009-06-12,286,286,0,560,649,0.908,0.908,0.873,0.908,0.655,0.655,0.303,0.653,1.001,1.001,15,15,15,15,True,0,0
2009-06-19,284,284,0,560,649,0.804,0.804,0.772,0.806,0.61,0.61,0.293,0.631,1.001,1.001,15,15,15,15,True,0,0
2009-06-26,281,281,0,560,649,0.688,0.688,0.659,0.691,0.569,0.569,0.279,0.599,1.001,1.001,15,15,15,15,True,0,0
2009-07-06,283,283,0,561,648,0.631,0.631,0.6,0.628,0.559,0.559,0.248,0.533,1.001,1.001,15,15,13,15,True,0,0
2009-07-13,285,285,0,561,648,0.667,0.667,0.63,0.666,0.682,0.682,0.312,0.67,1.001,1.001,15,15,15,15,True,0,0
2009-07-20,286,286,0,561,648,0.862,0.862,0.816,0.859,0.837,0.837,0.378,0.814,1.001,1.001,15,15,15,15,True,0,0
2009-07-27,288,288,0,561,648,0.862,0.862,0.818,0.86,0.805,0.805,0.365,0.785,1.001,1.001,15,15,15,15,True,0,0
2009-08-03,289,289,0,561,648,0.951,0.951,0.902,0.95,0.899,0.899,0.414,0.889,1.001,1.001,15,15,15,15,True,0,0
2009-08-10,291,291,0,561,648,0.946,0.946,0.906,0.946,0.755,0.755,0.348,0.749,1.1,1.1,18,18,18,18,True,0,0
2009-08-17,290,290,0,561,648,0.787,0.787,0.753,0.786,0.628,0.628,0.287,0.615,1.1,1.1,18,18,18,18,True,0,0
2009-08-24,293,293,0,561,648,0.83,0.83,0.787,0.828,0.787,0.787,0.359,0.773,1.1,1.1,18,18,18,18,True,0,0
2009-08-31,293,293,0,561,648,0.771,0.771,0.731,0.768,0.718,0.718,0.324,0.696,1.1,1.1,18,18,18,18,True,0,0
2009-09-08,294,294,0,562,647,0.819,0.819,0.771,0.817,0.877,0.877,0.398,0.856,1.001,1.001,15,15,15,15,True,0,0
2009-09-15,294,294,0,562,647,0.904,0.904,0.859,0.903,0.835,0.835,0.387,0.831,1.1,1.1,18,18,18,18,True,0,0
2009-09-22,294,294,0,562,647,0.855,0.855,0.81,0.855,0.837,0.837,0.391,0.839,1.166,1.166,22,22,22,22,True,0,0
2009-09-29,294,294,0,562,647,0.901,0.901,0.862,0.903,0.747,0.747,0.355,0.763,1.1,1.1,18,18,18,18,True,0,0
2009-10-06,293,293,0,562,647,0.828,0.828,0.783,0.827,0.846,0.846,0.39,0.838,1.1,1.1,18,18,18,18,True,0,0
2009-10-13,293,293,0,562,647,0.772,0.772,0.732,0.771,0.732,0.732,0.335,0.718,1.1,1.1,18,18,18,18,True,0,0
2009-10-20,294,294,0,563,646,0.799,0.799,0.761,0.798,0.702,0.702,0.32,0.685,1.001,1.001,15,15,15,15,True,0,0
2009-10-27,294,294,0,563,646,0.732,0.732,0.696,0.729,0.643,0.643,0.287,0.614,1.1,1.1,18,18,18,18,True,0,0
2009-11-03,293,293,0,563,646,0.7,0.7,0.664,0.7,0.679,0.679,0.32,0.686,1.001,1.001,15,15,15,15,True,0,0
2009-11-10,295,295,0,563,646,0.758,0.758,0.717,0.755,0.735,0.735,0.329,0.704,1.001,1.001,15,15,15,15,True,0,0
2009-11-17,296,296,0,563,646,0.786,0.786,0.745,0.784,0.745,0.745,0.339,0.727,1.001,1.001,15,15,15,15,True,0,0
2009-11-24,296,296,0,563,646,0.849,0.849,0.81,0.846,0.708,0.708,0.313,0.67,1.001,1.001,15,15,15,15,True,0,0
2009-12-02,296,296,0,563,646,0.834,0.834,0.792,0.833,0.77,0.77,0.354,0.758,1.1,1.1,18,18,18,18,True,0,0
2009-12-09,297,297,0,563,646,0.711,0.711,0.67,0.708,0.738,0.738,0.331,0.707,1.166,1.166,22,22,18,22,True,0,0
2009-12-16,297,297,0,563,646,0.728,0.728,0.688,0.728,0.744,0.744,0.35,0.747,1.166,1.166,22,22,22,22,True,0,0
2009-12-23,300,300,0,563,646,0.754,0.754,0.712,0.755,0.805,0.805,0.379,0.81,1.166,1.166,22,22,22,22,True,0,0
2009-12-31,299,299,0,563,646,0.737,0.737,0.706,0.739,0.6,0.6,0.287,0.614,1.166,1.166,22,22,22,22,True,0,0
2010-01-08,301,301,0,563,646,0.795,0.795,0.752,0.794,0.798,0.798,0.37,0.79,1.166,1.166,22,22,22,22,True,0,0
2010-01-15,301,301,0,563,646,0.774,0.774,0.74,0.775,0.646,0.646,0.305,0.653,1.166,1.166,22,22,22,22,True,0,0
2010-01-25,300,300,0,563,646,0.676,0.676,0.639,0.676,0.688,0.688,0.321,0.684,1.1,1.1,18,18,18,18,True,0,0
2010-02-01,301,301,0,563,646,0.631,0.631,0.592,0.631,0.731,0.731,0.341,0.727,1.001,1.001,15,15,13,15,True,0,0
2010-02-08,300,300,0,563,646,0.477,0.477,0.457,0.48,0.402,0.402,0.203,0.434,0.846,0.846,10,10,10,10,True,0,0
2010-02-16,303,303,0,563,646,0.554,0.554,0.514,0.554,0.749,0.749,0.351,0.75,0.946,0.946,13,13,13,13,True,0,0
2010-02-23,303,303,0,563,646,0.642,0.642,0.618,0.646,0.479,0.479,0.24,0.512,1.001,1.001,15,15,13,15,True,0,0
2010-03-02,306,306,0,563,646,0.709,0.709,0.672,0.711,0.719,0.719,0.35,0.746,1.1,1.1,18,18,18,18,True,0,0
2010-03-09,306,306,0,563,646,0.824,0.824,0.785,0.825,0.743,0.743,0.355,0.757,1.166,1.166,22,22,22,22,True,0,0
2010-03-16,307,307,0,563,646,0.829,0.829,0.782,0.828,0.872,0.872,0.403,0.858,1.166,1.166,22,22,22,22,True,0,0
2010-03-23,307,307,0,563,646,0.833,0.833,0.788,0.833,0.857,0.857,0.403,0.858,1.166,1.166,22,22,22,22,True,0,0
2010-03-30,307,307,0,563,646,0.799,0.799,0.758,0.799,0.77,0.77,0.365,0.776,1.166,1.166,22,22,22,22,True,0,0
2010-04-07,308,308,0,563,646,0.765,0.765,0.728,0.766,0.705,0.705,0.337,0.718,1.166,1.166,22,22,22,22,True,0,0
2010-04-14,308,308,0,563,646,0.802,0.802,0.756,0.803,0.88,0.88,0.417,0.885,1.166,1.166,22,22,22,22,True,0,0
2010-04-21,309,309,0,564,645,0.808,0.808,0.767,0.809,0.786,0.786,0.376,0.799,1.166,1.166,22,22,22,22,True,0,0
2010-04-28,310,310,0,564,645,0.766,0.766,0.722,0.764,0.81,0.81,0.373,0.793,1.166,1.166,22,22,22,22,True,0,0
2010-05-05,309,309,0,564,645,0.64,0.64,0.608,0.639,0.596,0.596,0.277,0.588,1.001,1.001,15,15,13,15,True,0,0
2010-05-12,310,310,0,564,645,0.536,0.536,0.495,0.537,0.781,0.781,0.372,0.791,0.946,0.946,13,13,10,13,True,0,0
2010-05-19,308,308,0,564,645,0.386,0.386,0.367,0.389,0.399,0.399,0.2,0.424,0.846,0.846,10,10,7,10,True,0,0
2010-05-26,307,307,0,565,644,0.137,0.137,0.123,0.144,0.324,0.324,0.184,0.39,0.612,0.612,6,6,6,6,True,0,0
2010-06-03,307,307,0,565,644,0.447,0.447,0.422,0.451,0.505,0.505,0.257,0.545,0.846,0.846,10,10,10,10,True,0,0
2010-06-10,308,308,0,565,644,0.234,0.234,0.204,0.236,0.58,0.58,0.279,0.592,0.612,0.612,6,6,6,6,True,0,0
2010-06-17,308,308,0,565,644,0.584,0.584,0.556,0.585,0.548,0.548,0.263,0.555,0.974,0.974,14,14,14,14,True,0,0
2010-06-24,307,307,0,565,644,0.27,0.27,0.257,0.273,0.267,0.267,0.14,0.295,0.746,0.746,7,7,7,7,True,0,0
2010-07-01,307,307,0,565,644,0.291,0.291,0.279,0.293,0.248,0.248,0.129,0.271,0.612,0.612,6,6,6,6,True,0,0
2010-07-09,307,307,0,565,644,0.373,0.373,0.345,0.375,0.54,0.54,0.262,0.555,0.746,0.746,7,7,7,7,True,0,0
2010-07-16,309,309,0,566,643,0.299,0.299,0.286,0.301,0.267,0.267,0.132,0.28,0.612,0.612,6,6,6,6,True,0,0
2010-07-23,309,309,0,567,642,0.438,0.438,0.403,0.44,0.689,0.689,0.335,0.708,0.846,0.846,10,10,10,10,True,0,0
2010-07-30,310,310,0,567,642,0.576,0.576,0.546,0.579,0.586,0.586,0.295,0.623,0.946,0.946,13,13,13,13,True,0,0
2010-08-06,310,310,0,567,642,0.703,0.703,0.675,0.706,0.563,0.563,0.279,0.589,1.001,1.001,15,15,15,15,True,0,0
2010-08-13,310,310,0,567,642,0.483,0.483,0.461,0.483,0.413,0.413,0.198,0.416,0.846,0.846,10,10,10,10,True,0,0
2010-08-20,310,310,0,567,642,0.395,0.395,0.375,0.398,0.419,0.419,0.21,0.442,0.93,0.93,11,11,9,11,True,0,0
2010-08-27,310,310,0,568,641,0.384,0.384,0.354,0.385,0.586,0.586,0.281,0.592,0.846,0.846,10,10,7,10,True,0,0
2010-09-03,311,311,0,570,639,0.443,0.443,0.406,0.444,0.714,0.714,0.341,0.717,0.846,0.846,10,10,10,10,True,0,0
2010-09-13,310,310,0,570,639,0.738,0.738,0.7,0.74,0.742,0.742,0.361,0.759,1.001,1.001,15,15,15,15,True,0,0
2010-09-20,310,310,0,570,639,0.831,0.831,0.789,0.832,0.811,0.811,0.386,0.814,1.001,1.001,15,15,15,15,True,0,0
2010-09-27,310,310,0,570,639,0.871,0.871,0.841,0.873,0.594,0.594,0.292,0.613,1.001,1.001,15,15,15,15,True,0,0
2010-10-04,310,310,0,570,639,0.777,0.777,0.748,0.778,0.56,0.56,0.275,0.578,1.166,1.166,22,22,22,22,True,0,0
2010-10-11,310,310,0,570,639,0.806,0.806,0.769,0.807,0.715,0.715,0.344,0.724,1.166,1.166,22,22,22,22,True,0,0
2010-10-18,312,312,0,570,639,0.795,0.795,0.754,0.795,0.788,0.788,0.377,0.79,1.166,1.166,22,22,22,22,True,0,0
2010-10-25,312,312,0,572,637,0.784,0.784,0.745,0.786,0.757,0.757,0.371,0.775,1.166,1.166,22,22,22,22,True,0,0
2010-11-01,312,312,0,572,637,0.754,0.754,0.718,0.755,0.686,0.686,0.333,0.698,1.166,1.166,22,22,22,22,True,0,0
2010-11-08,312,312,0,572,637,0.837,0.837,0.8,0.837,0.713,0.713,0.34,0.713,1.166,1.166,22,22,22,22,True,0,0
2010-11-15,312,312,0,573,636,0.798,0.798,0.764,0.8,0.664,0.664,0.325,0.681,1.166,1.166,22,22,22,22,True,0,0
2010-11-22,311,311,0,573,636,0.783,0.783,0.75,0.785,0.656,0.656,0.323,0.676,1.166,1.166,22,22,22,22,True,0,0
2010-11-30,311,311,0,574,635,0.703,0.703,0.676,0.705,0.538,0.538,0.267,0.559,1.1,1.1,18,18,18,18,True,0,0
2010-12-07,310,310,0,574,635,0.751,0.751,0.715,0.753,0.713,0.713,0.353,0.737,1.1,1.1,18,18,18,18,True,0,0
2010-12-14,310,310,0,574,635,0.833,0.833,0.793,0.832,0.768,0.768,0.363,0.759,1.1,1.1,18,18,18,18,True,0,0
2010-12-21,311,311,0,574,635,0.857,0.857,0.814,0.857,0.834,0.834,0.401,0.838,1.166,1.166,22,22,22,22,True,0,0
2010-12-29,312,312,0,574,635,0.819,0.819,0.779,0.819,0.777,0.777,0.373,0.779,1.166,1.166,22,22,22,22,True,0,0
2011-01-05,312,312,0,574,635,0.818,0.818,0.775,0.817,0.821,0.821,0.386,0.807,1.166,1.166,22,22,22,22,True,0,0
2011-01-12,311,311,0,574,635,0.829,0.829,0.783,0.827,0.865,0.865,0.402,0.842,1.166,1.166,22,22,22,22,True,0,0
2011-01-20,311,311,0,574,635,0.773,0.773,0.73,0.768,0.775,0.775,0.347,0.728,1.166,1.166,22,22,22,22,True,0,0
2011-01-27,312,312,0,574,635,0.805,0.805,0.763,0.805,0.814,0.814,0.385,0.806,1.166,1.166,22,22,22,22,True,0,0
2011-02-03,312,312,0,574,635,0.785,0.785,0.744,0.784,0.788,0.788,0.372,0.779,1.166,1.166,22,22,22,22,True,0,0
2011-02-10,312,312,0,575,634,0.814,0.814,0.773,0.815,0.788,0.788,0.38,0.795,1.166,1.166,22,22,22,22,True,0,0
2011-02-17,313,313,0,575,634,0.848,0.848,0.804,0.846,0.829,0.829,0.389,0.813,1.166,1.166,22,22,22,22,True,0,0
2011-02-25,313,313,0,576,633,0.814,0.814,0.77,0.814,0.84,0.84,0.401,0.835,1.166,1.166,22,22,22,22,True,0,0
2011-03-04,313,313,0,576,633,0.743,0.743,0.711,0.744,0.629,0.629,0.308,0.642,1.166,1.166,22,22,22,22,True,0,0
2011-03-11,313,313,0,576,633,0.676,0.676,0.634,0.674,0.786,0.786,0.37,0.77,1.1,1.1,18,18,18,18,True,0,0
2011-03-18,312,312,0,576,633,0.563,0.563,0.529,0.564,0.666,0.666,0.326,0.676,0.946,0.946,13,13,13,13,True,0,0
2011-03-25,312,312,0,576,633,0.645,0.645,0.608,0.647,0.729,0.729,0.361,0.751,1.001,1.001,15,15,13,15,True,0,0
2011-04-01,314,314,0,577,632,0.723,0.723,0.68,0.722,0.819,0.819,0.391,0.813,1.1,1.1,18,18,18,18,True,0,0
2011-04-08,315,315,0,577,632,0.738,0.738,0.705,0.738,0.637,0.637,0.305,0.635,1.166,1.166,22,22,22,22,True,0,0
2011-04-15,315,315,0,578,631,0.747,0.747,0.706,0.746,0.78,0.78,0.376,0.779,1.166,1.166,22,22,22,22,True,0,0
2011-04-25,314,314,0,578,631,0.749,0.749,0.714,0.75,0.677,0.677,0.327,0.681,1.166,1.166,22,22,22,22,True,0,0
2011-05-02,316,316,0,579,630,0.754,0.754,0.715,0.752,0.736,0.736,0.344,0.712,1.166,1.166,22,22,22,22,True,0,0
2011-05-09,315,315,0,579,630,0.737,0.737,0.697,0.737,0.778,0.778,0.377,0.78,1.166,1.166,22,22,22,22,True,0,0
2011-05-16,315,315,0,579,630,0.704,0.704,0.671,0.703,0.632,0.632,0.297,0.618,1.166,1.166,22,22,18,22,True,0,0
2011-05-23,315,315,0,580,629,0.63,0.63,0.603,0.629,0.509,0.509,0.243,0.504,1.1,1.1,18,18,15,18,True,0,0
2011-05-31,315,315,0,580,629,0.696,0.696,0.654,0.695,0.805,0.805,0.381,0.789,1.166,1.166,22,22,18,22,True,0,0
2011-06-07,316,316,0,580,629,0.539,0.539,0.511,0.539,0.533,0.533,0.262,0.542,1.04,1.04,15,15,15,15,True,0,0
2011-06-14,316,316,0,580,629,0.578,0.578,0.545,0.578,0.632,0.632,0.305,0.632,1.04,1.04,15,15,15,15,True,0,0
2011-06-21,316,316,0,580,629,0.582,0.582,0.548,0.582,0.65,0.65,0.316,0.655,1.04,1.04,15,15,15,15,True,0,0
2011-06-28,316,316,0,580,629,0.568,0.568,0.533,0.567,0.675,0.675,0.323,0.669,1.04,1.04,15,15,15,15,True,0,0
2011-07-06,317,317,0,580,629,0.711,0.711,0.673,0.709,0.711,0.711,0.337,0.698,1.1,1.1,18,18,18,18,True,0,0
2011-07-13,317,317,0,580,629,0.685,0.685,0.652,0.685,0.628,0.628,0.306,0.634,1.1,1.1,18,18,18,18,True,0,0
2011-07-20,318,318,0,580,629,0.657,0.657,0.628,0.657,0.569,0.569,0.274,0.568,1.1,1.1,18,18,18,18,True,0,0
2011-07-27,318,317,1,580,629,0.562,0.562,0.544,0.562,0.347,0.348,0.168,0.348,1.04,1.04,15,15,15,15,True,0,0
2011-08-03,319,318,1,580,629,0.265,0.265,0.244,0.265,0.41,0.411,0.201,0.417,0.82,0.82,9,9,9,9,True,0,0
2011-08-10,316,315,1,580,629,0.035,0.035,0.032,0.035,0.062,0.062,0.033,0.067,0.612,0.612,6,6,6,6,True,0,0
2011-08-17,317,316,1,580,629,0.09,0.09,0.074,0.089,0.295,0.295,0.134,0.276,0.612,0.612,6,6,6,6,True,0,0
2011-08-24,317,316,1,580,629,0.123,0.123,0.1,0.121,0.424,0.425,0.195,0.402,0.612,0.612,6,6,6,6,True,0,0
2011-08-31,317,316,1,580,629,0.295,0.295,0.269,0.292,0.465,0.466,0.212,0.438,0.746,0.746,7,7,7,7,True,0,0
2011-09-08,317,316,1,581,628,0.31,0.31,0.297,0.309,0.235,0.234,0.108,0.223,0.612,0.612,6,6,6,6,True,0,0
2011-09-15,317,316,1,581,628,0.433,0.433,0.404,0.429,0.532,0.532,0.24,0.497,0.901,0.901,11,11,11,11,True,0,0
2011-09-22,312,311,1,582,627,0.271,0.271,0.263,0.27,0.147,0.147,0.066,0.136,0.612,0.612,6,6,6,6,True,0,0
2011-09-29,316,315,1,583,626,0.292,0.292,0.269,0.288,0.42,0.421,0.185,0.381,0.612,0.612,6,6,6,6,True,0,0
2011-10-06,315,314,1,583,626,0.357,0.357,0.328,0.353,0.523,0.523,0.235,0.484,0.612,0.612,6,6,6,6,True,0,0
2011-10-13,316,315,1,583,626,0.327,0.327,0.303,0.325,0.452,0.453,0.211,0.434,0.746,0.746,7,7,7,7,True,0,0
2011-10-20,317,316,1,583,626,0.509,0.509,0.476,0.504,0.595,0.595,0.263,0.541,0.948,0.948,14,14,10,14,True,0,0
2011-10-27,320,319,1,583,626,0.851,0.851,0.808,0.847,0.811,0.811,0.376,0.772,1.001,1.001,15,15,15,15,True,0,0
2011-11-03,319,318,1,583,626,0.63,0.63,0.59,0.626,0.746,0.746,0.345,0.711,1.001,1.001,15,15,13,15,True,0,0
2011-11-10,319,317,2,584,625,0.499,0.5,0.464,0.496,0.661,0.663,0.305,0.626,0.846,0.946,10,13,10,10,False,3,0
2011-11-17,319,317,2,584,625,0.405,0.405,0.387,0.405,0.355,0.358,0.177,0.365,0.846,0.846,10,10,10,10,True,0,0
2011-11-25,317,315,2,585,624,0.263,0.263,0.247,0.261,0.298,0.3,0.139,0.286,0.746,0.746,7,7,6,7,True,0,0
2011-12-02,321,319,2,585,624,0.476,0.477,0.447,0.477,0.567,0.571,0.277,0.569,0.846,0.846,10,10,10,10,True,0,0
2011-12-09,321,319,2,585,624,0.664,0.665,0.625,0.661,0.737,0.739,0.343,0.703,1.001,1.001,15,15,15,15,True,0,0
2011-12-16,319,317,2,585,624,0.505,0.505,0.479,0.505,0.512,0.514,0.253,0.521,0.946,0.946,13,13,10,13,True,0,0
2011-12-23,324,322,2,586,623,0.822,0.822,0.784,0.818,0.7,0.702,0.324,0.666,1.001,1.001,15,15,15,15,True,0,0
2012-01-03,324,322,2,586,623,0.773,0.774,0.736,0.77,0.692,0.695,0.324,0.665,1.001,1.001,15,15,15,15,True,0,0
2012-01-10,326,323,3,587,622,0.802,0.803,0.763,0.801,0.761,0.765,0.365,0.747,1.001,1.001,15,15,15,15,True,0,0
2012-01-18,326,323,3,588,621,0.869,0.869,0.829,0.869,0.788,0.791,0.387,0.792,1.1,1.1,18,18,18,18,True,0,0
2012-01-25,326,323,3,588,621,0.799,0.799,0.757,0.799,0.81,0.814,0.397,0.813,1.166,1.166,22,22,22,22,True,0,0
2012-02-01,326,323,3,588,621,0.796,0.797,0.755,0.798,0.829,0.832,0.412,0.844,1.166,1.166,22,22,22,22,True,0,0
2012-02-08,326,323,3,588,621,0.81,0.81,0.771,0.811,0.761,0.764,0.378,0.774,1.166,1.166,22,22,22,22,True,0,0
2012-02-15,326,323,3,588,621,0.781,0.781,0.749,0.783,0.65,0.652,0.327,0.669,1.166,1.166,22,22,22,22,True,0,0
2012-02-23,326,323,3,588,621,0.834,0.834,0.794,0.836,0.796,0.798,0.397,0.813,1.166,1.166,22,22,22,22,True,0,0
2012-03-01,326,323,3,588,621,0.813,0.813,0.772,0.812,0.803,0.805,0.391,0.798,1.166,1.166,22,22,22,22,True,0,0
2012-03-08,326,323,3,588,621,0.782,0.782,0.739,0.781,0.832,0.834,0.401,0.82,1.166,1.166,22,22,22,22,True,0,0
2012-03-15,328,325,3,588,621,0.846,0.846,0.803,0.846,0.83,0.834,0.407,0.83,1.166,1.166,22,22,22,22,True,0,0
2012-03-22,327,324,3,588,621,0.773,0.773,0.74,0.772,0.63,0.633,0.306,0.626,1.166,1.166,22,22,22,22,True,0,0
2012-03-29,328,325,3,588,621,0.785,0.785,0.75,0.786,0.69,0.693,0.345,0.703,1.166,1.166,22,22,22,22,True,0,0
2012-04-05,328,325,3,588,621,0.766,0.766,0.732,0.766,0.661,0.665,0.326,0.665,1.166,1.166,22,22,22,22,True,0,0
2012-04-13,328,326,2,589,620,0.656,0.656,0.631,0.656,0.491,0.493,0.243,0.495,1.1,1.1,18,18,18,18,True,0,0
2012-04-20,328,326,2,589,620,0.695,0.695,0.66,0.695,0.674,0.675,0.331,0.675,1.1,1.1,18,18,18,18,True,0,0
2012-04-27,328,326,2,589,620,0.724,0.724,0.687,0.725,0.74,0.741,0.365,0.744,1.1,1.1,18,18,18,18,True,0,0
2012-05-04,327,325,2,589,620,0.665,0.665,0.64,0.664,0.48,0.482,0.233,0.476,1.1,1.1,18,18,18,18,True,0,0
2012-05-11,328,325,3,589,620,0.66,0.66,0.633,0.661,0.54,0.543,0.269,0.549,1.1,1.1,18,18,18,18,True,0,0
2012-05-18,327,324,3,589,620,0.539,0.539,0.522,0.539,0.331,0.331,0.162,0.329,1.04,1.04,15,15,15,15,True,0,0
2012-05-25,330,327,3,589,620,0.553,0.553,0.529,0.554,0.475,0.476,0.24,0.488,1.04,1.04,15,15,15,15,True,0,0
2012-06-04,330,327,3,589,620,0.527,0.527,0.508,0.527,0.367,0.368,0.178,0.362,1.04,1.04,15,15,15,15,True,0,0
2012-06-11,329,326,3,589,620,0.571,0.572,0.555,0.572,0.321,0.322,0.16,0.327,0.946,0.946,13,13,13,13,True,0,0
2012-06-18,329,326,3,589,620,0.686,0.687,0.659,0.689,0.568,0.571,0.289,0.589,1.001,1.001,15,15,15,15,True,0,0
2012-06-25,328,325,3,589,620,0.566,0.566,0.549,0.566,0.335,0.337,0.167,0.339,0.946,0.946,13,13,13,13,True,0,0
2012-07-02,330,327,3,589,620,0.758,0.758,0.726,0.759,0.635,0.637,0.319,0.648,1.001,1.001,15,15,15,15,True,0,0
2012-07-10,329,326,3,589,620,0.667,0.668,0.643,0.668,0.471,0.474,0.233,0.475,1.001,1.001,15,15,15,15,True,0,0
2012-07-17,328,325,3,589,620,0.682,0.682,0.646,0.68,0.692,0.695,0.329,0.672,1.001,1.001,15,15,15,15,True,0,0
2012-07-24,328,325,3,589,620,0.666,0.667,0.646,0.668,0.416,0.418,0.21,0.427,1.1,1.1,18,18,18,18,True,0,0
2012-07-31,330,328,2,590,619,0.685,0.686,0.657,0.684,0.552,0.553,0.267,0.541,1.1,1.1,18,18,18,18,True,0,0
2012-08-07,329,327,2,590,619,0.787,0.787,0.747,0.785,0.756,0.759,0.364,0.738,1.1,1.1,18,18,18,18,True,0,0
2012-08-14,328,326,2,590,619,0.761,0.761,0.727,0.759,0.646,0.649,0.312,0.635,1.166,1.166,22,22,22,22,True,0,0
2012-08-21,331,329,2,590,619,0.813,0.813,0.78,0.813,0.65,0.653,0.324,0.658,1.166,1.166,22,22,22,22,True,0,0
2012-08-28,329,327,2,590,619,0.78,0.78,0.75,0.783,0.622,0.623,0.319,0.645,1.166,1.166,22,22,22,22,True,0,0
2012-09-05,330,328,2,591,618,0.723,0.723,0.692,0.723,0.611,0.612,0.301,0.61,1.166,1.166,22,22,22,22,True,0,0
2012-09-12,332,330,2,591,618,0.768,0.769,0.73,0.767,0.739,0.742,0.36,0.729,1.166,1.166,22,22,22,22,True,0,0
2012-09-19,331,329,2,591,618,0.807,0.807,0.77,0.807,0.733,0.734,0.363,0.734,1.166,1.166,22,22,22,22,True,0,0
2012-09-26,332,331,1,592,617,0.728,0.728,0.698,0.728,0.584,0.585,0.288,0.582,1.166,1.166,22,22,22,22,True,0,0
2012-10-03,332,331,1,593,616,0.752,0.752,0.714,0.748,0.715,0.716,0.335,0.676,1.166,1.166,22,22,22,22,True,0,0
2012-10-10,331,330,1,593,616,0.671,0.671,0.643,0.671,0.542,0.542,0.267,0.541,1.1,1.1,18,18,18,18,True,0,0
2012-10-17,333,332,1,593,616,0.752,0.752,0.712,0.748,0.759,0.76,0.356,0.72,1.166,1.166,22,22,22,22,True,0,0
2012-10-24,331,330,1,593,616,0.627,0.627,0.6,0.625,0.513,0.514,0.246,0.496,1.1,1.1,18,18,15,18,True,0,0
2012-11-02,332,331,1,593,616,0.601,0.601,0.576,0.601,0.493,0.494,0.243,0.49,1.04,1.04,15,15,15,15,True,0,0
2012-11-09,331,330,1,593,616,0.551,0.551,0.527,0.553,0.5,0.501,0.255,0.516,1.04,1.04,15,15,15,15,True,0,0
2012-11-16,330,329,1,593,616,0.324,0.324,0.297,0.323,0.52,0.521,0.256,0.517,0.82,0.82,9,9,9,9,True,0,0
2012-11-26,331,330,1,594,615,0.616,0.617,0.591,0.618,0.53,0.531,0.272,0.548,1.04,1.04,15,15,15,15,True,0,0
2012-12-03,331,330,1,594,615,0.612,0.612,0.587,0.615,0.52,0.521,0.27,0.546,1.04,1.04,15,15,15,15,True,0,0
2012-12-10,332,331,1,594,615,0.72,0.72,0.687,0.721,0.67,0.671,0.337,0.681,1.166,1.166,22,22,22,22,True,0,0
2012-12-17,334,333,1,594,615,0.749,0.749,0.708,0.747,0.806,0.807,0.389,0.784,1.166,1.166,22,22,22,22,True,0,0
2012-12-24,335,334,1,595,614,0.715,0.715,0.685,0.717,0.617,0.618,0.314,0.632,1.166,1.166,22,22,22,22,True,0,0
2013-01-02,335,334,1,595,614,0.736,0.736,0.692,0.736,0.871,0.872,0.43,0.866,1.1,1.1,18,18,18,18,True,0,0
2013-01-09,334,333,1,595,614,0.707,0.707,0.668,0.708,0.781,0.782,0.395,0.794,1.1,1.1,18,18,18,18,True,0,0
2013-01-16,335,334,1,596,613,0.695,0.695,0.659,0.695,0.708,0.708,0.354,0.71,1.1,1.1,18,18,18,18,True,0,0
2013-01-24,336,335,1,596,613,0.805,0.805,0.762,0.803,0.841,0.842,0.409,0.821,1.166,1.166,22,22,22,22,True,0,0
2013-01-31,338,337,1,597,612,0.773,0.773,0.736,0.774,0.751,0.753,0.378,0.758,1.166,1.166,22,22,22,22,True,0,0
2013-02-07,338,337,1,597,612,0.789,0.789,0.751,0.788,0.737,0.739,0.362,0.729,1.166,1.166,22,22,22,22,True,0,0
2013-02-14,339,338,1,597,612,0.799,0.8,0.759,0.798,0.788,0.789,0.385,0.772,1.166,1.166,22,22,22,22,True,0,0
2013-02-22,338,337,1,598,611,0.772,0.772,0.729,0.771,0.857,0.86,0.421,0.846,1.166,1.166,22,22,22,22,True,0,0
2013-03-01,339,338,1,598,611,0.722,0.722,0.682,0.72,0.771,0.772,0.375,0.751,1.166,1.166,22,22,22,22,True,0,0
2013-03-08,340,339,1,600,609,0.775,0.775,0.732,0.774,0.853,0.855,0.423,0.848,1.166,1.166,22,22,22,22,True,0,0
2013-03-15,340,339,1,600,609,0.765,0.765,0.727,0.763,0.741,0.741,0.359,0.72,1.166,1.166,22,22,22,22,True,0,0
2013-03-22,340,339,1,600,609,0.817,0.817,0.775,0.815,0.815,0.816,0.396,0.793,1.166,1.166,22,22,22,22,True,0,0
2013-04-01,340,339,1,600,609,0.767,0.767,0.733,0.766,0.661,0.661,0.322,0.645,1.166,1.166,22,22,22,22,True,0,0
2013-04-08,341,340,1,600,609,0.75,0.75,0.707,0.748,0.834,0.835,0.407,0.812,1.166,1.166,22,22,22,22,True,0,0
2013-04-15,341,340,1,600,609,0.659,0.659,0.632,0.658,0.531,0.532,0.258,0.518,1.1,1.1,18,18,18,18,True,0,0
2013-04-22,339,338,1,601,608,0.658,0.658,0.623,0.657,0.7,0.701,0.343,0.686,1.1,1.1,18,18,18,18,True,0,0
2013-04-29,341,340,1,601,608,0.686,0.686,0.644,0.684,0.824,0.826,0.402,0.804,1.1,1.1,18,18,18,18,True,0,0
2013-05-06,340,339,1,601,608,0.713,0.714,0.672,0.712,0.808,0.809,0.398,0.797,1.1,1.1,18,18,18,18,True,0,0
2013-05-13,341,340,1,602,607,0.775,0.775,0.736,0.773,0.763,0.765,0.375,0.748,1.166,1.166,22,22,22,22,True,0,0
2013-05-20,341,340,1,602,607,0.856,0.856,0.816,0.854,0.787,0.789,0.385,0.769,1.166,1.166,22,22,22,22,True,0,0
2013-05-28,341,340,1,602,607,0.82,0.82,0.776,0.818,0.846,0.848,0.413,0.826,1.166,1.166,22,22,22,22,True,0,0
2013-06-04,341,340,1,602,607,0.713,0.713,0.681,0.712,0.627,0.628,0.311,0.623,1.166,1.166,22,22,22,22,True,0,0
2013-06-11,343,342,1,602,607,0.635,0.636,0.607,0.635,0.562,0.564,0.28,0.559,1.1,1.1,18,18,15,18,True,0,0
2013-06-18,342,341,1,602,607,0.666,0.667,0.624,0.665,0.826,0.827,0.404,0.807,1.1,1.1,18,18,18,18,True,0,0
2013-06-25,342,340,2,602,607,0.535,0.535,0.5,0.534,0.685,0.688,0.34,0.678,0.946,0.946,13,13,13,13,True,0,0
2013-07-02,344,342,2,602,607,0.607,0.608,0.577,0.607,0.6,0.603,0.301,0.599,0.946,0.946,13,13,13,13,True,0,0
2013-07-10,343,341,2,603,606,0.68,0.68,0.645,0.68,0.692,0.694,0.35,0.697,1.1,1.1,18,18,18,18,True,0,0
2013-07-17,345,342,3,603,606,0.721,0.721,0.681,0.72,0.784,0.788,0.392,0.78,1.1,1.1,18,18,18,18,True,0,0
2013-07-24,345,342,3,603,606,0.801,0.802,0.769,0.801,0.652,0.656,0.328,0.654,1.166,1.166,22,22,22,22,True,0,0
2013-07-31,345,342,3,603,606,0.793,0.794,0.755,0.793,0.759,0.764,0.379,0.755,1.166,1.166,22,22,22,22,True,0,0
2013-08-07,345,342,3,605,604,0.72,0.721,0.688,0.72,0.652,0.655,0.325,0.646,1.166,1.166,22,22,22,22,True,0,0
2013-08-14,345,342,3,605,604,0.693,0.693,0.662,0.694,0.623,0.627,0.318,0.632,1.166,1.166,22,22,18,22,True,0,0
2013-08-21,344,341,3,605,604,0.627,0.627,0.604,0.63,0.493,0.496,0.263,0.522,1.1,1.1,18,18,15,18,True,0,0
2013-08-28,344,341,3,605,604,0.599,0.6,0.571,0.601,0.583,0.585,0.302,0.599,1.04,1.04,15,15,15,15,True,0,0
2013-09-05,344,341,3,605,604,0.642,0.642,0.612,0.643,0.606,0.608,0.312,0.619,1.1,1.1,18,18,15,18,True,0,0
2013-09-12,345,342,3,605,604,0.694,0.694,0.666,0.695,0.574,0.575,0.294,0.583,1.166,1.166,22,22,18,22,True,0,0
2013-09-19,345,342,3,605,604,0.788,0.789,0.753,0.788,0.715,0.719,0.359,0.713,1.166,1.166,22,22,22,22,True,0,0
2013-09-26,346,343,3,605,604,0.786,0.787,0.751,0.787,0.733,0.736,0.375,0.743,1.166,1.166,22,22,22,22,True,0,0
2013-10-03,346,343,3,605,604,0.698,0.699,0.676,0.702,0.494,0.496,0.266,0.527,1.166,1.166,22,22,18,22,True,0,0
2013-10-10,346,343,3,605,604,0.668,0.668,0.627,0.667,0.817,0.819,0.409,0.81,1.1,1.1,18,18,18,18,True,0,0
2013-10-17,346,344,2,606,603,0.681,0.681,0.638,0.68,0.843,0.844,0.42,0.831,1.166,1.166,22,22,18,22,True,0,0
2013-10-24,346,344,2,606,603,0.713,0.714,0.674,0.712,0.79,0.791,0.392,0.773,1.166,1.166,22,22,18,22,True,0,0
2013-10-31,347,345,2,606,603,0.727,0.727,0.693,0.726,0.683,0.685,0.342,0.677,1.166,1.166,22,22,22,22,True,0,0
2013-11-07,347,345,2,607,602,0.746,0.746,0.716,0.744,0.58,0.583,0.285,0.562,1.166,1.166,22,22,22,22,True,0,0
2013-11-14,347,346,1,608,601,0.794,0.794,0.75,0.789,0.837,0.838,0.4,0.79,1.166,1.166,22,22,22,22,True,0,0
2013-11-21,347,346,1,608,601,0.791,0.792,0.749,0.789,0.835,0.837,0.412,0.812,1.166,1.166,22,22,22,22,True,0,0
2013-11-29,348,347,1,608,601,0.782,0.782,0.748,0.781,0.673,0.673,0.338,0.665,1.166,1.166,22,22,22,22,True,0,0
2013-12-06,349,348,1,608,601,0.776,0.776,0.734,0.773,0.83,0.831,0.406,0.802,1.166,1.166,22,22,22,22,True,0,0
2013-12-13,349,348,1,608,601,0.689,0.689,0.659,0.69,0.628,0.628,0.327,0.642,1.166,1.166,22,22,18,22,True,0,0
2013-12-20,350,348,2,608,601,0.746,0.746,0.707,0.745,0.782,0.785,0.392,0.771,1.166,1.166,22,22,22,22,True,0,0
2013-12-30,348,346,2,608,601,0.771,0.771,0.733,0.769,0.763,0.766,0.379,0.745,1.166,1.166,22,22,22,22,True,0,0
2014-01-07,347,345,2,608,601,0.759,0.759,0.719,0.757,0.795,0.799,0.397,0.784,1.166,1.166,22,22,22,22,True,0,0
2014-01-14,348,346,2,608,601,0.761,0.761,0.721,0.76,0.813,0.816,0.41,0.807,1.166,1.166,22,22,22,22,True,0,0
2014-01-22,348,346,2,608,601,0.737,0.738,0.703,0.739,0.713,0.716,0.368,0.726,1.166,1.166,22,22,22,22,True,0,0
2014-01-29,349,347,2,608,601,0.551,0.551,0.532,0.555,0.43,0.432,0.239,0.47,1.04,1.04,15,15,15,15,True,0,0
2014-02-05,349,347,2,608,601,0.501,0.501,0.479,0.504,0.479,0.48,0.258,0.506,1.04,1.04,15,15,11,15,True,0,0
2014-02-12,349,347,2,608,601,0.575,0.575,0.544,0.576,0.646,0.647,0.335,0.657,1.04,1.04,15,15,15,15,True,0,0
2014-02-20,350,348,2,608,601,0.619,0.62,0.583,0.62,0.751,0.753,0.384,0.756,1.04,1.1,15,18,15,18,False,3,0
2014-02-27,350,348,2,609,600,0.718,0.719,0.683,0.719,0.74,0.741,0.382,0.749,1.166,1.166,22,22,22,22,True,0,0
2014-03-06,351,349,2,609,600,0.813,0.813,0.776,0.813,0.759,0.761,0.387,0.758,1.166,1.166,22,22,22,22,True,0,0
2014-03-13,351,349,2,609,600,0.718,0.718,0.691,0.718,0.557,0.558,0.286,0.56,1.166,1.166,22,22,22,22,True,0,0
2014-03-20,350,348,2,609,600,0.744,0.745,0.706,0.743,0.766,0.768,0.382,0.751,1.166,1.166,22,22,22,22,True,0,0
2014-03-27,350,348,2,609,600,0.668,0.668,0.635,0.666,0.643,0.645,0.317,0.623,1.1,1.1,18,18,18,18,True,0,0
2014-04-03,352,351,1,612,597,0.722,0.722,0.683,0.717,0.75,0.75,0.361,0.709,1.166,1.166,22,22,22,22,True,0,0
2014-04-10,351,350,1,612,597,0.595,0.595,0.57,0.592,0.485,0.487,0.236,0.462,1.04,1.04,15,15,15,15,True,0,0
2014-04-17,351,350,1,614,595,0.631,0.631,0.595,0.627,0.684,0.686,0.331,0.648,1.1,1.1,18,18,15,18,True,0,0
2014-04-25,351,350,1,614,595,0.632,0.632,0.603,0.628,0.552,0.554,0.262,0.512,1.1,1.1,18,18,15,18,True,0,0
2014-05-02,351,350,1,614,595,0.666,0.666,0.633,0.665,0.654,0.656,0.33,0.645,1.1,1.1,18,18,18,18,True,0,0
2014-05-09,351,350,1,614,595,0.763,0.763,0.729,0.76,0.68,0.681,0.333,0.65,1.166,1.166,22,22,22,22,True,0,0
2014-05-16,352,350,2,616,593,0.715,0.715,0.681,0.713,0.686,0.688,0.343,0.669,1.166,1.166,22,22,22,22,True,0,0
2014-05-23,354,352,2,616,593,0.741,0.742,0.704,0.74,0.749,0.751,0.379,0.739,1.166,1.166,22,22,22,22,True,0,0
2014-06-02,354,352,2,617,592,0.751,0.751,0.713,0.748,0.752,0.754,0.369,0.719,1.166,1.166,22,22,22,22,True,0,0
2014-06-09,354,352,2,617,592,0.781,0.781,0.742,0.779,0.771,0.772,0.388,0.753,1.166,1.166,22,22,22,22,True,0,0
2014-06-16,354,352,2,617,592,0.765,0.765,0.728,0.762,0.73,0.731,0.362,0.703,1.166,1.166,22,22,22,22,True,0,0
2014-06-23,354,352,2,617,592,0.772,0.772,0.735,0.769,0.738,0.74,0.368,0.715,1.166,1.166,22,22,22,22,True,0,0
2014-06-30,354,352,2,617,592,0.756,0.756,0.721,0.757,0.726,0.728,0.381,0.739,1.166,1.166,22,22,22,22,True,0,0
2014-07-08,356,354,2,617,592,0.746,0.746,0.713,0.743,0.657,0.659,0.324,0.631,1.166,1.166,22,22,22,22,True,0,0
2014-07-15,356,354,2,617,592,0.751,0.751,0.714,0.745,0.697,0.699,0.33,0.644,1.166,1.166,22,22,22,22,True,0,0
2014-07-22,356,354,2,617,592,0.763,0.763,0.723,0.759,0.782,0.783,0.382,0.741,1.166,1.166,22,22,22,22,True,0,0
2014-07-29,356,354,2,618,591,0.701,0.701,0.673,0.699,0.554,0.557,0.279,0.539,1.166,1.166,22,22,18,22,True,0,0
2014-08-05,356,354,2,619,590,0.576,0.576,0.559,0.578,0.381,0.382,0.208,0.402,1.04,1.04,15,15,15,15,True,0,0
2014-08-12,356,354,2,619,590,0.592,0.593,0.566,0.59,0.513,0.515,0.253,0.488,1.04,1.04,15,15,15,15,True,0,0
2014-08-19,356,354,2,620,589,0.669,0.669,0.631,0.665,0.744,0.748,0.365,0.708,1.1,1.1,18,18,18,18,True,0,0
2014-08-26,356,354,2,620,589,0.692,0.693,0.659,0.692,0.682,0.685,0.352,0.683,1.166,1.166,22,22,18,22,True,0,0
2014-09-03,357,355,2,620,589,0.778,0.779,0.742,0.774,0.709,0.712,0.345,0.669,1.166,1.166,22,22,22,22,True,0,0
2014-09-10,357,356,1,621,588,0.752,0.752,0.716,0.749,0.703,0.704,0.345,0.667,1.166,1.166,22,22,22,22,True,0,0
2014-09-17,358,357,1,621,588,0.721,0.721,0.687,0.717,0.668,0.668,0.323,0.625,1.166,1.166,22,22,22,22,True,0,0
2014-09-24,360,359,1,621,588,0.705,0.705,0.668,0.699,0.699,0.7,0.33,0.636,1.166,1.166,22,22,18,22,True,0,0
2014-10-01,359,358,1,622,587,0.573,0.573,0.552,0.569,0.385,0.386,0.178,0.345,1.04,1.04,15,15,15,15,True,0,0
2014-10-08,359,358,1,622,587,0.576,0.576,0.54,0.569,0.669,0.67,0.314,0.606,1.04,1.04,15,15,15,15,True,0,0
2014-10-15,359,358,1,622,587,0.218,0.218,0.205,0.22,0.298,0.299,0.165,0.316,0.82,0.82,9,9,9,9,True,0,0
2014-10-22,359,358,1,622,587,0.476,0.476,0.456,0.474,0.404,0.405,0.202,0.391,0.846,0.846,10,10,10,10,True,0,0
2014-10-29,359,358,1,622,587,0.592,0.592,0.563,0.59,0.575,0.575,0.29,0.561,0.946,0.946,13,13,13,13,True,0,0
2014-11-05,359,358,1,622,587,0.69,0.69,0.651,0.685,0.759,0.759,0.368,0.71,1.1,1.1,18,18,18,18,True,0,0
2014-11-12,359,358,1,622,587,0.828,0.829,0.793,0.826,0.716,0.717,0.36,0.695,1.166,1.166,22,22,22,22,True,0,0
2014-11-19,359,358,1,622,587,0.79,0.791,0.755,0.786,0.693,0.694,0.336,0.65,1.166,1.166,22,22,22,22,True,0,0
2014-11-26,359,358,1,622,587,0.786,0.786,0.748,0.784,0.76,0.762,0.385,0.744,1.166,1.166,22,22,22,22,True,0,0
2014-12-04,359,358,1,622,587,0.749,0.749,0.715,0.748,0.693,0.694,0.355,0.683,1.166,1.166,22,22,22,22,True,0,0
2014-12-11,358,357,1,622,587,0.708,0.708,0.67,0.705,0.758,0.758,0.378,0.729,1.166,1.166,22,22,18,22,True,0,0
2014-12-18,358,357,1,622,587,0.64,0.64,0.599,0.638,0.834,0.835,0.421,0.811,1.1,1.1,18,18,15,18,True,0,0
2014-12-26,358,357,1,622,587,0.652,0.652,0.615,0.65,0.756,0.758,0.384,0.74,1.1,1.1,18,18,15,18,True,0,0
2015-01-05,358,357,1,622,587,0.531,0.532,0.509,0.532,0.477,0.478,0.251,0.482,0.946,0.946,13,13,13,13,True,0,0
2015-01-12,358,357,1,622,587,0.608,0.608,0.585,0.61,0.487,0.488,0.265,0.511,0.946,0.946,13,13,13,13,True,0,0
2015-01-20,358,357,1,622,587,0.591,0.591,0.565,0.59,0.543,0.545,0.279,0.536,1.04,1.04,15,15,15,15,True,0,0
2015-01-27,360,359,1,622,587,0.532,0.532,0.51,0.534,0.469,0.47,0.255,0.49,1.04,1.04,15,15,15,15,True,0,0
2015-02-03,360,360,0,625,584,0.632,0.632,0.596,0.63,0.737,0.737,0.378,0.725,1.001,1.001,15,15,13,15,True,0,0
2015-02-10,360,360,0,625,584,0.659,0.659,0.623,0.658,0.74,0.74,0.383,0.732,1.1,1.1,18,18,18,18,True,0,0
2015-02-18,360,360,0,626,583,0.693,0.693,0.66,0.694,0.698,0.698,0.37,0.709,1.1,1.1,18,18,18,18,True,0,0
2015-02-25,360,360,0,626,583,0.757,0.757,0.724,0.757,0.684,0.684,0.358,0.685,1.166,1.166,22,22,22,22,True,0,0
2015-03-04,360,360,0,626,583,0.736,0.736,0.71,0.737,0.567,0.567,0.303,0.579,1.166,1.166,22,22,22,22,True,0,0
2015-03-11,359,359,0,626,583,0.665,0.665,0.641,0.669,0.55,0.55,0.311,0.592,1.1,1.1,18,18,18,18,True,0,0
2015-03-18,362,362,0,626,583,0.676,0.676,0.639,0.675,0.762,0.762,0.391,0.746,1.1,1.1,18,18,18,18,True,0,0
2015-03-25,363,363,0,627,582,0.57,0.57,0.549,0.571,0.461,0.461,0.247,0.472,1.04,1.04,15,15,15,15,True,0,0
2015-04-01,363,363,0,627,582,0.597,0.597,0.572,0.598,0.53,0.53,0.287,0.545,1.04,1.04,15,15,15,15,True,0,0
2015-04-09,364,364,0,627,582,0.694,0.694,0.662,0.693,0.666,0.666,0.348,0.663,1.166,1.166,22,22,18,22,True,0,0
2015-04-16,364,364,0,627,582,0.714,0.714,0.687,0.716,0.587,0.587,0.321,0.612,1.166,1.166,22,22,22,22,True,0,0
2015-04-23,364,364,0,627,582,0.766,0.766,0.735,0.768,0.676,0.676,0.361,0.69,1.166,1.166,22,22,22,22,True,0,0
2015-04-30,364,364,0,627,582,0.697,0.697,0.677,0.698,0.446,0.446,0.24,0.457,1.166,1.166,22,22,18,22,True,0,0
2015-05-07,364,364,0,627,582,0.683,0.683,0.653,0.682,0.635,0.635,0.33,0.628,1.166,1.166,22,22,18,22,True,0,0
2015-05-14,364,364,0,628,581,0.719,0.719,0.683,0.718,0.742,0.742,0.387,0.738,1.166,1.166,22,22,22,22,True,0,0
2015-05-21,364,364,0,629,580,0.709,0.709,0.676,0.707,0.67,0.67,0.342,0.653,1.166,1.166,22,22,18,22,True,0,0
2015-05-29,364,364,0,629,580,0.667,0.667,0.645,0.669,0.474,0.474,0.257,0.491,1.1,1.1,18,18,18,18,True,0,0
2015-06-05,364,364,0,629,580,0.668,0.668,0.646,0.673,0.514,0.514,0.294,0.559,1.1,1.1,18,18,18,18,True,0,0
2015-06-12,365,364,1,629,580,0.648,0.648,0.631,0.653,0.413,0.412,0.244,0.465,1.1,1.1,18,18,18,18,True,0,0
2015-06-19,365,364,1,629,580,0.677,0.677,0.657,0.681,0.481,0.48,0.274,0.519,1.1,1.1,18,18,18,22,True,0,0
2015-06-26,365,364,1,629,580,0.685,0.685,0.659,0.686,0.566,0.567,0.301,0.574,1.166,1.166,22,22,18,22,True,0,0
2015-07-06,365,364,1,629,580,0.633,0.633,0.615,0.636,0.41,0.41,0.231,0.44,1.1,1.1,18,18,15,18,True,0,0
2015-07-13,366,365,1,631,578,0.667,0.667,0.636,0.666,0.649,0.65,0.339,0.644,1.1,1.1,18,18,18,18,True,0,0
2015-07-20,366,365,1,631,578,0.65,0.65,0.624,0.65,0.546,0.548,0.285,0.541,1.1,1.1,18,18,18,18,True,0,0
2015-07-27,366,365,1,631,578,0.62,0.621,0.6,0.619,0.407,0.408,0.206,0.391,1.1,1.1,18,18,15,15,True,0,0
2015-08-03,369,366,3,631,578,0.657,0.657,0.631,0.656,0.531,0.533,0.273,0.518,1.1,1.1,18,18,18,18,True,0,0
2015-08-10,369,366,3,632,577,0.684,0.684,0.651,0.682,0.672,0.676,0.343,0.652,1.166,1.166,22,22,18,22,True,0,0
2015-08-17,370,366,4,632,577,0.667,0.668,0.635,0.666,0.658,0.663,0.34,0.646,1.1,1.1,18,18,18,18,True,0,0
2015-08-24,369,365,4,633,576,0.156,0.156,0.152,0.158,0.106,0.107,0.066,0.125,0.612,0.612,6,6,6,6,True,0,0
2015-08-31,370,366,4,633,576,0.158,0.158,0.149,0.161,0.231,0.233,0.139,0.265,0.612,0.612,6,6,6,6,True,0,0
2015-09-08,371,367,4,633,576,0.171,0.172,0.149,0.172,0.483,0.485,0.259,0.489,0.612,0.612,6,6,6,6,True,0,0
2015-09-15,371,367,4,633,576,0.17,0.17,0.147,0.17,0.477,0.48,0.256,0.485,0.612,0.612,6,6,6,6,True,0,0
2015-09-22,371,367,4,633,576,0.35,0.35,0.343,0.353,0.183,0.185,0.111,0.211,0.746,0.746,7,7,7,8,True,0,0
2015-09-29,371,367,4,633,576,0.306,0.306,0.29,0.305,0.313,0.314,0.161,0.305,0.746,0.746,7,7,7,7,True,0,0
2015-10-06,372,368,4,633,576,0.424,0.424,0.406,0.424,0.374,0.377,0.201,0.381,0.846,0.846,10,10,10,10,True,0,0
2015-10-13,373,369,4,633,576,0.413,0.413,0.396,0.414,0.371,0.374,0.201,0.382,0.846,0.846,10,10,10,10,True,0,0
2015-10-20,373,370,3,634,575,0.526,0.526,0.499,0.524,0.557,0.556,0.286,0.54,1.04,1.04,15,15,11,15,True,0,0
2015-10-27,373,370,3,634,575,0.778,0.778,0.753,0.775,0.499,0.5,0.249,0.472,1.166,1.166,22,22,22,22,True,0,0
2015-11-03,373,370,3,634,575,0.787,0.787,0.756,0.785,0.637,0.639,0.328,0.62,1.166,1.166,22,22,22,22,True,0,0
2015-11-10,373,370,3,635,574,0.758,0.758,0.727,0.755,0.621,0.622,0.316,0.597,1.166,1.166,22,22,22,22,True,0,0
2015-11-17,374,370,4,635,574,0.734,0.734,0.711,0.733,0.475,0.478,0.245,0.462,1.166,1.166,22,22,22,22,True,0,0
2015-11-24,376,372,4,635,574,0.727,0.727,0.7,0.727,0.577,0.579,0.309,0.583,1.166,1.166,22,22,22,22,True,0,0
2015-12-02,375,371,4,635,574,0.688,0.689,0.669,0.69,0.44,0.443,0.242,0.456,1.166,1.166,22,22,18,22,True,0,0
2015-12-09,375,371,4,635,574,0.626,0.626,0.608,0.626,0.386,0.389,0.205,0.386,1.1,1.1,18,18,15,18,True,0,0
2015-12-16,375,371,4,635,574,0.684,0.684,0.652,0.68,0.639,0.642,0.322,0.607,1.1,1.1,18,18,18,18,True,0,0
2015-12-23,375,371,4,635,574,0.652,0.653,0.621,0.65,0.638,0.639,0.325,0.611,1.001,1.001,15,15,15,15,True,0,0
2015-12-31,376,372,4,635,574,0.426,0.427,0.411,0.427,0.339,0.34,0.186,0.348,0.846,0.846,10,10,10,10,True,0,0
2016-01-08,376,372,4,636,573,0.268,0.268,0.26,0.268,0.183,0.184,0.097,0.182,0.746,0.746,7,7,7,7,True,0,0
2016-01-15,374,370,4,637,572,0.238,0.238,0.232,0.239,0.142,0.143,0.079,0.148,0.612,0.612,6,6,6,6,True,0,0
2016-01-25,375,371,4,637,572,0.232,0.232,0.224,0.232,0.163,0.163,0.087,0.162,0.612,0.612,6,6,6,6,True,0,0
2016-02-01,379,375,4,638,571,0.287,0.287,0.268,0.285,0.396,0.395,0.2,0.374,0.746,0.746,7,7,7,7,True,0,0
2016-02-08,379,375,4,638,571,0.279,0.279,0.266,0.276,0.236,0.238,0.111,0.207,0.746,0.746,7,7,7,7,True,0,0
2016-02-16,380,376,4,638,571,0.396,0.396,0.37,0.393,0.52,0.521,0.26,0.486,0.846,0.846,10,10,7,10,True,0,0
2016-02-23,380,376,4,638,571,0.395,0.395,0.378,0.393,0.351,0.352,0.178,0.333,0.846,0.846,10,10,7,10,True,0,0
2016-03-01,380,376,4,638,571,0.502,0.503,0.47,0.5,0.667,0.669,0.345,0.646,0.946,0.946,13,13,10,13,True,0,0
2016-03-08,381,377,4,639,570,0.559,0.559,0.535,0.557,0.479,0.48,0.245,0.459,0.946,0.946,13,13,13,13,True,0,0
2016-03-15,381,377,4,639,570,0.751,0.751,0.721,0.747,0.605,0.606,0.304,0.568,1.1,1.1,18,18,18,18,True,0,0
2016-03-22,381,377,4,639,570,0.79,0.79,0.758,0.789,0.656,0.659,0.345,0.647,1.166,1.166,22,22,22,22,True,0,0
2016-03-30,382,378,4,639,570,0.775,0.775,0.74,0.773,0.722,0.725,0.377,0.706,1.166,1.166,22,22,22,22,True,0,0
2016-04-06,382,378,4,639,570,0.805,0.805,0.768,0.803,0.77,0.772,0.403,0.753,1.166,1.166,22,22,22,22,True,0,0
2016-04-13,382,378,4,639,570,0.803,0.803,0.766,0.802,0.786,0.789,0.418,0.783,1.166,1.166,22,22,22,22,True,0,0
2016-04-20,383,380,3,641,568,0.803,0.803,0.77,0.803,0.705,0.708,0.378,0.708,1.166,1.166,22,22,22,22,True,0,0
2016-04-27,383,380,3,641,568,0.784,0.785,0.747,0.782,0.778,0.783,0.404,0.756,1.166,1.166,22,22,22,22,True,0,0
2016-05-04,384,382,2,642,567,0.744,0.744,0.717,0.742,0.554,0.557,0.287,0.537,1.166,1.166,22,22,22,22,True,0,0
2016-05-11,384,382,2,643,566,0.7,0.701,0.676,0.7,0.512,0.514,0.271,0.507,1.166,1.166,22,22,18,22,True,0,0
2016-05-18,386,384,2,643,566,0.675,0.676,0.65,0.675,0.536,0.539,0.283,0.53,1.1,1.1,18,18,18,18,True,0,0
2016-05-25,387,385,2,643,566,0.737,0.737,0.703,0.735,0.699,0.701,0.366,0.684,1.166,1.166,22,22,22,22,True,0,0
2016-06-02,387,385,2,643,566,0.775,0.775,0.74,0.774,0.735,0.736,0.39,0.728,1.166,1.166,22,22,22,22,True,0,0
2016-06-09,388,386,2,643,566,0.756,0.756,0.725,0.755,0.656,0.658,0.344,0.644,1.166,1.166,22,22,22,22,True,0,0
2016-06-16,388,386,2,643,566,0.732,0.732,0.701,0.729,0.631,0.633,0.323,0.605,1.166,1.166,22,22,22,22,True,0,0
2016-06-23,388,386,2,643,566,0.739,0.739,0.701,0.738,0.801,0.802,0.422,0.789,1.166,1.166,22,22,22,22,True,0,0
2016-06-30,388,386,2,643,566,0.645,0.645,0.609,0.642,0.73,0.731,0.378,0.707,1.001,1.001,15,15,13,15,True,0,0
2016-07-08,390,388,2,643,566,0.664,0.664,0.626,0.662,0.799,0.801,0.419,0.784,1.001,1.001,15,15,15,15,True,0,0
2016-07-15,390,388,2,643,566,0.705,0.705,0.671,0.703,0.713,0.714,0.371,0.694,1.001,1.001,15,15,15,15,True,0,0
2016-07-22,390,388,2,643,566,0.761,0.761,0.721,0.758,0.824,0.825,0.429,0.802,1.001,1.001,15,15,15,15,True,0,0
2016-07-29,390,388,2,643,566,0.781,0.781,0.748,0.78,0.708,0.709,0.377,0.703,1.166,1.166,22,22,22,22,True,0,0
2016-08-05,391,389,2,644,565,0.768,0.768,0.732,0.768,0.777,0.779,0.417,0.779,1.166,1.166,22,22,22,22,True,0,0
2016-08-12,391,389,2,644,565,0.743,0.743,0.712,0.743,0.661,0.662,0.355,0.663,1.166,1.166,22,22,22,22,True,0,0
2016-08-19,391,389,2,644,565,0.73,0.73,0.7,0.732,0.676,0.678,0.372,0.695,1.166,1.166,22,22,22,22,True,0,0
2016-08-26,391,389,2,645,564,0.707,0.707,0.68,0.709,0.608,0.61,0.335,0.625,1.166,1.166,22,22,22,22,True,0,0
2016-09-02,391,389,2,645,564,0.724,0.724,0.69,0.726,0.744,0.747,0.41,0.766,1.166,1.166,22,22,22,22,True,0,0
2016-09-12,393,391,2,647,562,0.698,0.699,0.664,0.699,0.732,0.735,0.394,0.735,1.166,1.166,22,22,18,22,True,0,0
2016-09-19,393,391,2,647,562,0.669,0.669,0.643,0.671,0.59,0.592,0.329,0.614,1.1,1.1,18,18,18,18,True,0,0
2016-09-26,394,392,2,647,562,0.635,0.636,0.615,0.637,0.476,0.477,0.267,0.496,1.1,1.1,18,18,15,18,True,0,0
2016-10-03,395,393,2,647,562,0.632,0.632,0.609,0.635,0.525,0.525,0.295,0.549,1.1,1.1,18,18,15,18,True,0,0
2016-10-10,395,393,2,647,562,0.72,0.72,0.691,0.722,0.639,0.641,0.357,0.666,1.166,1.166,22,22,22,22,True,0,0
2016-10-17,395,393,2,647,562,0.652,0.652,0.633,0.655,0.438,0.441,0.252,0.471,1.1,1.1,18,18,18,18,True,0,0
2016-10-24,395,393,2,647,562,0.676,0.676,0.65,0.678,0.597,0.6,0.331,0.618,1.1,1.1,18,18,18,18,True,0,0
2016-10-31,395,393,2,647,562,0.652,0.652,0.626,0.651,0.558,0.559,0.297,0.552,1.1,1.1,18,18,18,18,True,0,0
2016-11-07,395,393,2,647,562,0.67,0.67,0.638,0.669,0.67,0.671,0.352,0.654,1.1,1.1,18,18,18,18,True,0,0
2016-11-14,395,393,2,647,562,0.696,0.696,0.669,0.698,0.606,0.608,0.338,0.628,1.166,1.166,22,22,18,22,True,0,0
2016-11-21,395,393,2,647,562,0.724,0.724,0.692,0.725,0.69,0.691,0.376,0.699,1.166,1.166,22,22,22,22,True,0,0
2016-11-29,395,393,2,647,562,0.746,0.746,0.716,0.747,0.641,0.644,0.349,0.65,1.166,1.166,22,22,22,22,True,0,0
2016-12-06,396,394,2,647,562,0.767,0.767,0.738,0.769,0.65,0.651,0.364,0.675,1.166,1.166,22,22,22,22,True,0,0
2016-12-13,396,394,2,647,562,0.799,0.799,0.764,0.798,0.736,0.739,0.39,0.727,1.166,1.166,22,22,22,22,True,0,0
2016-12-20,397,395,2,647,562,0.774,0.774,0.741,0.774,0.71,0.711,0.381,0.707,1.166,1.166,22,22,22,22,True,0,0
2016-12-28,397,395,2,647,562,0.736,0.736,0.715,0.738,0.478,0.479,0.267,0.497,1.166,1.166,22,22,22,22,True,0,0
2017-01-05,398,397,1,648,561,0.744,0.744,0.715,0.744,0.644,0.645,0.349,0.647,1.166,1.166,22,22,22,22,True,0,0
2017-01-12,398,397,1,648,561,0.733,0.733,0.705,0.734,0.62,0.621,0.338,0.627,1.166,1.166,22,22,22,22,True,0,0
2017-01-20,398,397,1,648,561,0.735,0.735,0.702,0.735,0.716,0.716,0.384,0.711,1.166,1.166,22,22,22,22,True,0,0
2017-01-27,398,397,1,648,561,0.763,0.763,0.736,0.765,0.608,0.608,0.337,0.623,1.166,1.166,22,22,22,22,True,0,0
2017-02-03,398,397,1,648,561,0.751,0.752,0.718,0.752,0.737,0.738,0.403,0.747,1.166,1.166,22,22,22,22,True,0,0
2017-02-10,398,397,1,648,561,0.761,0.761,0.728,0.762,0.73,0.73,0.398,0.736,1.166,1.166,22,22,22,22,True,0,0
2017-02-17,398,397,1,648,561,0.795,0.795,0.761,0.794,0.734,0.734,0.387,0.718,1.166,1.166,22,22,22,22,True,0,0
2017-02-27,398,397,1,648,561,0.805,0.805,0.771,0.805,0.738,0.739,0.398,0.74,1.166,1.166,22,22,22,22,True,0,0
2017-03-06,400,399,1,648,561,0.779,0.779,0.749,0.778,0.627,0.628,0.331,0.614,1.166,1.166,22,22,22,22,True,0,0
2017-03-13,400,399,1,648,561,0.757,0.758,0.725,0.757,0.699,0.699,0.375,0.694,1.166,1.166,22,22,22,22,True,0,0
2017-03-20,402,401,1,648,561,0.722,0.722,0.693,0.722,0.624,0.624,0.334,0.618,1.166,1.166,22,22,22,22,True,0,0
2017-03-27,403,402,1,648,561,0.685,0.685,0.659,0.686,0.592,0.593,0.324,0.599,1.166,1.166,22,22,18,22,True,0,0
2017-04-03,403,402,1,648,561,0.698,0.698,0.67,0.696,0.583,0.584,0.305,0.565,1.166,1.166,22,22,18,22,True,0,0
2017-04-10,405,404,1,648,561,0.709,0.709,0.677,0.707,0.683,0.683,0.358,0.663,1.166,1.166,22,22,18,22,True,0,0
2017-04-18,404,403,1,648,561,0.689,0.689,0.662,0.689,0.579,0.58,0.313,0.58,1.166,1.166,22,22,18,22,True,0,0
2017-04-25,404,404,0,649,560,0.722,0.722,0.688,0.722,0.727,0.727,0.392,0.726,1.166,1.166,22,22,22,22,True,0,0
2017-05-02,404,404,0,649,560,0.719,0.719,0.689,0.719,0.648,0.648,0.35,0.65,1.166,1.166,22,22,22,22,True,0,0
2017-05-09,404,404,0,649,560,0.716,0.716,0.688,0.716,0.61,0.61,0.332,0.615,1.166,1.166,22,22,22,22,True,0,0
2017-05-16,404,404,0,649,560,0.736,0.736,0.711,0.738,0.58,0.58,0.324,0.598,1.166,1.166,22,22,22,22,True,0,0
2017-05-23,405,405,0,649,560,0.686,0.686,0.656,0.686,0.647,0.647,0.348,0.643,1.166,1.166,22,22,18,22,True,0,0
2017-05-31,404,404,0,649,560,0.694,0.694,0.664,0.693,0.65,0.65,0.345,0.638,1.166,1.166,22,22,18,22,True,0,0
2017-06-07,405,405,0,650,559,0.698,0.698,0.667,0.697,0.679,0.679,0.361,0.668,1.166,1.166,22,22,18,22,True,0,0
2017-06-14,406,405,1,650,559,0.738,0.738,0.705,0.736,0.685,0.687,0.36,0.666,1.166,1.166,22,22,22,22,True,0,0
2017-06-21,406,405,1,650,559,0.726,0.726,0.698,0.726,0.601,0.602,0.324,0.6,1.166,1.166,22,22,22,22,True,0,0
2017-06-28,406,405,1,650,559,0.715,0.715,0.68,0.715,0.761,0.763,0.413,0.764,1.166,1.166,22,22,22,22,True,0,0
2017-07-06,405,404,1,650,559,0.639,0.639,0.616,0.639,0.489,0.49,0.264,0.49,1.1,1.1,18,18,15,18,True,0,0
2017-07-13,405,404,1,651,558,0.678,0.679,0.648,0.679,0.657,0.658,0.357,0.661,1.1,1.1,18,18,18,18,True,0,0
2017-07-20,405,404,1,651,558,0.702,0.702,0.671,0.703,0.677,0.678,0.371,0.685,1.166,1.166,22,22,18,22,True,0,0
2017-07-27,407,406,1,652,557,0.736,0.736,0.706,0.736,0.653,0.653,0.35,0.647,1.166,1.166,22,22,22,22,True,0,0
2017-08-03,407,406,1,652,557,0.735,0.735,0.706,0.734,0.625,0.625,0.334,0.616,1.166,1.166,22,22,22,22,True,0,0
2017-08-10,406,405,1,652,557,0.673,0.673,0.652,0.672,0.451,0.452,0.239,0.44,1.1,1.1,18,18,18,18,True,0,0
2017-08-17,407,405,2,653,556,0.592,0.593,0.573,0.592,0.412,0.414,0.222,0.41,1.04,1.04,15,15,15,15,True,0,0
2017-08-24,406,404,2,653,556,0.576,0.576,0.552,0.577,0.531,0.533,0.291,0.538,1.04,1.04,15,15,15,15,True,0,0
2017-08-31,408,406,2,654,555,0.606,0.606,0.576,0.607,0.659,0.661,0.363,0.668,1.04,1.04,15,15,15,15,True,0,0
2017-09-08,406,404,2,649,560,0.637,0.637,0.608,0.635,0.611,0.611,0.32,0.592,1.1,1.1,18,18,15,18,True,0,0
2017-09-15,406,404,2,649,560,0.736,0.736,0.704,0.735,0.673,0.675,0.362,0.669,1.166,1.166,22,22,22,22,True,0,0
2017-09-22,407,405,2,649,560,0.749,0.749,0.719,0.75,0.663,0.664,0.364,0.675,1.166,1.166,22,22,22,22,True,0,0
2017-09-29,407,405,2,649,560,0.746,0.746,0.713,0.746,0.714,0.714,0.384,0.709,1.166,1.166,22,22,22,22,True,0,0
2017-10-06,411,405,6,649,560,0.751,0.752,0.722,0.753,0.661,0.667,0.366,0.679,1.166,1.166,22,22,22,22,True,0,0
2017-10-13,411,405,6,649,560,0.746,0.747,0.715,0.748,0.705,0.713,0.388,0.718,1.166,1.166,22,22,22,22,True,0,0
2017-10-20,410,404,6,649,560,0.776,0.777,0.74,0.776,0.772,0.779,0.418,0.774,1.166,1.166,22,22,22,22,True,0,0
2017-10-27,410,404,6,649,560,0.749,0.749,0.718,0.75,0.677,0.681,0.372,0.689,1.166,1.166,22,22,22,22,True,0,0
2017-11-03,411,405,6,649,560,0.75,0.75,0.72,0.751,0.657,0.664,0.36,0.667,1.166,1.166,22,22,22,22,True,0,0
2017-11-10,413,407,6,649,560,0.739,0.739,0.71,0.739,0.628,0.633,0.343,0.634,1.166,1.166,22,22,22,22,True,0,0
2017-11-17,413,407,6,650,559,0.716,0.716,0.687,0.717,0.631,0.636,0.347,0.64,1.166,1.166,22,22,22,22,True,0,0
2017-11-27,412,406,6,650,559,0.737,0.737,0.707,0.735,0.639,0.644,0.334,0.617,1.166,1.166,22,22,22,22,True,0,0
2017-12-04,412,406,6,650,559,0.732,0.733,0.697,0.729,0.723,0.728,0.372,0.685,1.166,1.166,22,22,22,22,True,0,0
2017-12-11,412,406,6,650,559,0.745,0.746,0.711,0.742,0.715,0.721,0.374,0.689,1.166,1.166,22,22,22,22,True,0,0
2017-12-18,412,406,6,650,559,0.784,0.785,0.748,0.783,0.783,0.789,0.414,0.763,1.166,1.166,22,22,22,22,True,0,0
2017-12-26,412,406,6,650,559,0.728,0.729,0.695,0.726,0.698,0.702,0.368,0.678,1.166,1.166,22,22,22,22,True,0,0
2018-01-03,414,408,6,650,559,0.772,0.773,0.736,0.771,0.763,0.768,0.407,0.749,1.166,1.166,22,22,22,22,True,0,0
2018-01-10,414,408,6,650,559,0.765,0.765,0.734,0.764,0.665,0.667,0.357,0.657,1.166,1.166,22,22,22,22,True,0,0
2018-01-18,414,408,6,650,559,0.782,0.783,0.751,0.782,0.675,0.679,0.364,0.672,1.166,1.166,22,22,22,22,True,0,0
2018-01-25,414,408,6,650,559,0.824,0.825,0.791,0.824,0.735,0.739,0.397,0.734,1.166,1.166,22,22,22,22,True,0,0
2018-02-01,414,408,6,650,559,0.719,0.72,0.69,0.721,0.651,0.655,0.363,0.671,1.166,1.166,22,22,22,22,True,0,0
2018-02-08,414,408,6,650,559,0.33,0.33,0.319,0.332,0.271,0.273,0.16,0.296,0.746,0.746,7,7,7,7,True,0,0
2018-02-15,414,408,6,651,558,0.474,0.474,0.444,0.474,0.667,0.671,0.364,0.669,0.846,0.846,10,10,10,10,True,0,0
2018-02-23,414,408,6,652,557,0.445,0.445,0.412,0.444,0.719,0.723,0.387,0.713,0.846,0.846,10,10,10,10,True,0,0
2018-03-02,413,408,5,653,556,0.452,0.452,0.428,0.455,0.56,0.563,0.32,0.589,0.846,0.846,10,10,10,10,True,0,0
2018-03-09,414,409,5,653,556,0.717,0.718,0.685,0.718,0.723,0.726,0.398,0.731,1.1,1.1,18,18,18,18,True,0,0
2018-03-16,415,410,5,653,556,0.638,0.638,0.608,0.639,0.655,0.66,0.36,0.663,1.1,1.1,18,18,15,18,True,0,0
2018-03-23,416,411,5,653,556,0.402,0.402,0.391,0.406,0.277,0.279,0.173,0.319,0.846,0.846,10,10,10,10,True,0,0
2018-04-02,416,411,5,653,556,0.386,0.386,0.375,0.389,0.267,0.268,0.162,0.298,0.846,0.846,10,10,7,10,True,0,0
2018-04-09,416,411,5,653,556,0.392,0.392,0.372,0.394,0.472,0.473,0.268,0.492,0.846,0.846,10,10,7,10,True,0,0
2018-04-16,416,411,5,653,556,0.48,0.48,0.45,0.481,0.666,0.669,0.371,0.681,0.846,0.846,10,10,10,10,True,0,0
2018-04-23,416,411,5,653,556,0.529,0.529,0.504,0.53,0.553,0.555,0.308,0.566,0.946,0.946,13,13,13,13,True,0,0
2018-04-30,415,410,5,653,556,0.607,0.607,0.589,0.608,0.409,0.411,0.229,0.42,1.04,1.04,15,15,15,15,True,0,0
2018-05-07,415,411,4,654,555,0.676,0.676,0.653,0.679,0.534,0.539,0.308,0.567,1.1,1.1,18,18,18,18,True,0,0
2018-05-14,416,412,4,654,555,0.691,0.691,0.665,0.691,0.568,0.569,0.31,0.568,1.166,1.166,22,22,18,22,True,0,0
2018-05-21,416,412,4,653,556,0.746,0.747,0.716,0.747,0.669,0.671,0.369,0.677,1.166,1.166,22,22,22,22,True,0,0
2018-05-29,416,412,4,653,556,0.688,0.688,0.67,0.692,0.441,0.442,0.262,0.48,1.166,1.166,22,22,18,22,True,0,0
2018-06-05,416,412,4,653,556,0.725,0.725,0.701,0.729,0.571,0.574,0.333,0.612,1.166,1.166,22,22,22,22,True,0,0
2018-06-12,417,413,4,653,556,0.751,0.752,0.721,0.752,0.665,0.668,0.366,0.671,1.166,1.166,22,22,22,22,True,0,0
2018-06-19,415,412,3,653,556,0.723,0.723,0.7,0.725,0.533,0.534,0.301,0.553,1.166,1.166,22,22,22,22,True,0,0
2018-06-26,415,415,0,657,552,0.702,0.702,0.68,0.706,0.53,0.53,0.31,0.568,1.166,1.166,22,22,22,22,True,0,0
2018-07-03,415,415,0,657,552,0.654,0.654,0.632,0.656,0.511,0.511,0.292,0.536,1.1,1.1,18,18,18,18,True,0,0
2018-07-11,415,415,0,657,552,0.69,0.69,0.668,0.691,0.503,0.503,0.281,0.515,1.166,1.166,22,22,18,22,True,0,0
2018-07-18,415,415,0,657,552,0.751,0.751,0.724,0.753,0.611,0.611,0.346,0.635,1.166,1.166,22,22,22,22,True,0,0
2018-07-25,414,414,0,657,552,0.816,0.816,0.784,0.815,0.688,0.688,0.371,0.681,1.166,1.166,22,22,22,22,True,0,0
2018-08-01,414,414,0,656,553,0.752,0.752,0.727,0.752,0.548,0.548,0.299,0.549,1.166,1.166,22,22,22,22,True,0,0
2018-08-08,414,414,0,657,552,0.749,0.749,0.72,0.748,0.62,0.62,0.331,0.606,1.166,1.166,22,22,22,22,True,0,0
2018-08-15,415,415,0,657,552,0.708,0.708,0.682,0.705,0.55,0.55,0.283,0.518,1.166,1.166,22,22,22,22,True,0,0
2018-08-22,415,415,0,657,552,0.727,0.727,0.701,0.728,0.598,0.598,0.334,0.612,1.166,1.166,22,22,22,22,True,0,0
2018-08-29,416,416,0,657,552,0.774,0.774,0.741,0.773,0.722,0.722,0.385,0.705,1.166,1.166,22,22,22,22,True,0,0
2018-09-06,416,416,0,657,552,0.724,0.724,0.695,0.722,0.625,0.625,0.329,0.604,1.166,1.166,22,22,22,22,True,0,0
2018-09-13,416,416,0,657,552,0.758,0.758,0.725,0.756,0.697,0.697,0.368,0.675,1.166,1.166,22,22,22,22,True,0,0
2018-09-20,415,415,0,657,552,0.788,0.788,0.752,0.786,0.766,0.766,0.403,0.74,1.166,1.166,22,22,22,22,True,0,0
2018-09-27,415,415,0,657,552,0.726,0.726,0.7,0.726,0.581,0.581,0.317,0.58,1.166,1.166,22,22,22,22,True,0,0
2018-10-04,416,416,0,656,553,0.713,0.713,0.688,0.709,0.51,0.51,0.259,0.475,1.166,1.166,22,22,22,22,True,0,0
2018-10-11,416,416,0,655,554,0.309,0.309,0.301,0.311,0.214,0.214,0.126,0.233,0.82,0.82,9,9,9,9,True,0,0
2018-10-18,416,416,0,656,553,0.479,0.479,0.464,0.478,0.311,0.311,0.168,0.309,0.846,0.846,10,10,10,10,True,0,0
2018-10-25,416,416,0,655,554,0.245,0.245,0.224,0.245,0.444,0.444,0.241,0.442,0.612,0.612,6,6,6,6,True,0,0
2018-11-01,416,416,0,656,553,0.258,0.258,0.235,0.257,0.487,0.487,0.262,0.48,0.746,0.746,7,7,6,7,True,0,0
2018-11-08,417,417,0,656,553,0.603,0.603,0.577,0.6,0.533,0.533,0.272,0.5,0.946,0.946,13,13,13,13,True,0,0
2018-11-15,417,417,0,656,553,0.37,0.37,0.345,0.369,0.524,0.524,0.278,0.51,0.746,0.746,7,7,7,7,True,0,0
2018-11-23,416,416,0,655,554,0.34,0.34,0.323,0.339,0.371,0.371,0.198,0.363,0.746,0.746,7,7,7,7,True,0,0
2018-11-30,415,415,0,654,555,0.602,0.602,0.572,0.597,0.604,0.604,0.303,0.558,0.946,0.946,13,13,13,13,True,0,0
2018-12-10,417,417,0,654,555,0.253,0.253,0.234,0.25,0.383,0.383,0.189,0.348,0.746,0.746,7,7,6,7,True,0,0
2018-12-17,417,417,0,654,555,0.211,0.211,0.202,0.21,0.176,0.176,0.093,0.172,0.612,0.612,6,6,6,6,True,0,0
2018-12-24,417,417,0,653,556,0.134,0.134,0.132,0.135,0.054,0.054,0.037,0.066,0.612,0.612,6,6,6,6,True,0,0
2019-01-02,416,416,0,652,557,0.137,0.137,0.127,0.138,0.236,0.236,0.132,0.242,0.612,0.612,6,6,6,6,True,0,0
2019-01-09,416,416,0,652,557,0.257,0.257,0.239,0.259,0.416,0.416,0.237,0.436,0.746,0.746,7,7,6,7,True,0,0
2019-01-16,416,416,0,652,557,0.346,0.346,0.326,0.347,0.442,0.442,0.25,0.46,0.746,0.746,7,7,7,7,True,0,0
2019-01-24,417,417,0,652,557,0.49,0.49,0.465,0.49,0.55,0.55,0.298,0.548,0.846,0.846,10,10,10,10,True,0,0
2019-01-31,417,417,0,652,557,0.612,0.612,0.581,0.611,0.652,0.652,0.347,0.639,0.946,0.946,13,13,13,13,True,0,0
2019-02-07,417,417,0,652,557,0.556,0.556,0.531,0.556,0.552,0.552,0.297,0.549,1.04,1.04,15,15,15,15,True,0,0
2019-02-14,416,416,0,652,557,0.758,0.758,0.729,0.758,0.618,0.618,0.336,0.62,1.166,1.166,22,22,22,22,True,0,0
2019-02-22,418,418,0,652,557,0.804,0.804,0.768,0.803,0.77,0.77,0.411,0.758,1.166,1.166,22,22,22,22,True,0,0
2019-03-01,418,418,0,652,557,0.764,0.764,0.729,0.762,0.749,0.749,0.399,0.735,1.166,1.166,22,22,22,22,True,0,0
2019-03-08,418,418,0,652,557,0.728,0.728,0.701,0.727,0.576,0.576,0.309,0.569,1.166,1.166,22,22,22,22,True,0,0
2019-03-15,418,418,0,652,557,0.779,0.779,0.747,0.777,0.685,0.685,0.365,0.67,1.166,1.166,22,22,22,22,True,0,0
2019-03-22,418,418,0,652,557,0.746,0.746,0.724,0.745,0.468,0.468,0.247,0.454,1.166,1.166,22,22,22,22,True,0,0
2019-03-29,418,418,0,652,557,0.8,0.8,0.766,0.797,0.701,0.701,0.37,0.678,1.166,1.166,22,22,22,22,True,0,0
2019-04-05,417,417,0,653,556,0.827,0.827,0.789,0.824,0.79,0.79,0.417,0.765,1.166,1.166,22,22,22,22,True,0,0
2019-04-12,418,416,2,653,556,0.8,0.801,0.763,0.798,0.789,0.791,0.416,0.764,1.166,1.166,22,22,22,22,True,0,0
2019-04-22,419,416,3,653,556,0.797,0.797,0.769,0.796,0.616,0.619,0.332,0.611,1.166,1.166,22,22,22,22,True,0,0
2019-04-29,419,416,3,653,556,0.78,0.78,0.75,0.78,0.655,0.658,0.358,0.658,1.166,1.166,22,22,22,22,True,0,0
2019-05-06,420,417,3,654,555,0.748,0.748,0.722,0.749,0.58,0.582,0.323,0.594,1.166,1.166,22,22,22,22,True,0,0
2019-05-13,420,417,3,654,555,0.613,0.613,0.596,0.614,0.381,0.384,0.21,0.385,1.04,1.04,15,15,15,15,True,0,0
2019-05-20,420,417,3,655,554,0.616,0.616,0.594,0.616,0.474,0.477,0.257,0.474,1.04,1.04,15,15,15,15,True,0,0
2019-05-28,420,417,3,655,554,0.563,0.564,0.547,0.565,0.381,0.383,0.214,0.394,1.04,1.04,15,15,15,15,True,0,0
2019-06-04,421,418,3,655,554,0.61,0.61,0.58,0.609,0.634,0.637,0.342,0.627,0.946,0.946,13,13,13,13,True,0,0
2019-06-11,421,418,3,654,555,0.715,0.715,0.688,0.714,0.573,0.575,0.307,0.564,1.1,1.1,18,18,18,18,True,0,0
2019-06-18,420,417,3,655,554,0.749,0.749,0.717,0.748,0.695,0.698,0.371,0.68,1.166,1.166,22,22,22,22,True,0,0
2019-06-25,421,417,4,655,554,0.768,0.768,0.742,0.766,0.547,0.552,0.288,0.529,1.166,1.166,22,22,22,22,True,0,0
2019-07-02,422,418,4,655,554,0.792,0.792,0.759,0.79,0.702,0.706,0.37,0.679,1.166,1.166,22,22,22,22,True,0,0
2019-07-10,422,418,4,655,554,0.776,0.776,0.742,0.774,0.712,0.716,0.378,0.693,1.166,1.166,22,22,22,22,True,0,0
2019-07-17,423,419,4,655,554,0.731,0.731,0.701,0.729,0.63,0.634,0.332,0.609,1.166,1.166,22,22,22,22,True,0,0
2019-07-24,423,419,4,655,554,0.775,0.775,0.739,0.774,0.765,0.767,0.412,0.754,1.166,1.166,22,22,22,22,True,0,0
2019-07-31,423,419,4,656,553,0.69,0.69,0.665,0.691,0.548,0.55,0.304,0.558,1.166,1.166,22,22,18,22,True,0,0
2019-08-07,424,420,4,656,553,0.606,0.606,0.581,0.604,0.534,0.534,0.286,0.522,1.04,1.04,15,15,15,15,True,0,0
2019-08-14,427,423,4,656,553,0.49,0.49,0.476,0.49,0.313,0.315,0.172,0.315,0.846,0.846,10,10,10,10,True,0,0
2019-08-21,427,423,4,656,553,0.583,0.584,0.553,0.581,0.639,0.643,0.335,0.613,0.946,0.946,13,13,13,13,True,0,0
2019-08-28,426,422,4,656,553,0.555,0.555,0.528,0.554,0.591,0.594,0.315,0.577,0.946,0.946,13,13,13,13,True,0,0
2019-09-05,426,422,4,656,553,0.652,0.652,0.62,0.65,0.687,0.691,0.363,0.664,1.001,1.001,15,15,15,15,True,0,0
2019-09-12,426,422,4,656,553,0.781,0.781,0.747,0.778,0.702,0.706,0.367,0.672,1.1,1.1,18,18,18,18,True,0,0
2019-09-19,426,422,4,656,553,0.747,0.748,0.716,0.745,0.654,0.658,0.345,0.634,1.166,1.166,22,22,22,22,True,0,0
2019-09-26,427,423,4,658,551,0.718,0.719,0.687,0.714,0.637,0.642,0.323,0.593,1.166,1.166,22,22,22,22,True,0,0
2019-10-03,427,423,4,658,551,0.634,0.634,0.604,0.63,0.606,0.609,0.315,0.575,1.1,1.1,18,18,15,18,True,0,0
2019-10-10,427,423,4,657,552,0.628,0.628,0.597,0.624,0.635,0.638,0.326,0.598,1.1,1.1,18,18,15,18,True,0,0
2019-10-17,427,423,4,657,552,0.66,0.661,0.628,0.658,0.674,0.678,0.356,0.654,1.1,1.1,18,18,18,18,True,0,0
2019-10-24,427,423,4,657,552,0.679,0.68,0.649,0.677,0.633,0.636,0.335,0.613,1.1,1.1,18,18,18,18,True,0,0
2019-10-31,427,423,4,657,552,0.742,0.743,0.716,0.741,0.568,0.573,0.301,0.552,1.166,1.166,22,22,22,22,True,0,0
2019-11-07,428,424,4,657,552,0.797,0.797,0.766,0.796,0.663,0.665,0.356,0.651,1.166,1.166,22,22,22,22,True,0,0
2019-11-14,428,424,4,657,552,0.785,0.785,0.753,0.784,0.682,0.685,0.367,0.671,1.166,1.166,22,22,22,22,True,0,0
2019-11-21,429,425,4,657,552,0.763,0.763,0.735,0.762,0.609,0.611,0.328,0.599,1.166,1.166,22,22,22,22,True,0,0
2019-11-29,429,425,4,657,552,0.754,0.754,0.727,0.752,0.58,0.584,0.31,0.565,1.166,1.166,22,22,22,22,True,0,0
2019-12-06,430,426,4,657,552,0.757,0.758,0.721,0.755,0.776,0.78,0.413,0.756,1.166,1.166,22,22,22,22,True,0,0
2019-12-13,433,429,4,657,552,0.751,0.751,0.72,0.749,0.671,0.675,0.358,0.655,1.166,1.166,22,22,22,22,True,0,0
2019-12-20,433,429,4,657,552,0.807,0.807,0.769,0.804,0.8,0.802,0.425,0.774,1.166,1.166,22,22,22,22,True,0,0
2019-12-30,433,431,2,659,550,0.791,0.791,0.762,0.791,0.639,0.641,0.349,0.635,1.166,1.166,22,22,22,22,True,0,0
2020-01-07,433,432,1,660,549,0.789,0.789,0.759,0.789,0.655,0.655,0.36,0.655,1.166,1.166,22,22,22,22,True,0,0
2020-01-14,433,432,1,660,549,0.796,0.796,0.762,0.794,0.731,0.731,0.392,0.714,1.166,1.166,22,22,22,22,True,0,0
2020-01-22,433,432,1,660,549,0.797,0.797,0.764,0.796,0.714,0.714,0.388,0.705,1.166,1.166,22,22,22,22,True,0,0
2020-01-29,434,433,1,661,548,0.734,0.734,0.707,0.733,0.595,0.595,0.326,0.591,1.166,1.166,22,22,22,22,True,0,0
2020-02-05,434,433,1,661,548,0.738,0.738,0.702,0.735,0.773,0.773,0.411,0.748,1.166,1.166,22,22,22,22,True,0,0
2020-02-12,434,433,1,661,548,0.741,0.741,0.706,0.739,0.757,0.757,0.405,0.736,1.166,1.166,22,22,22,22,True,0,0
2020-02-20,434,433,1,661,548,0.714,0.714,0.683,0.713,0.671,0.672,0.366,0.665,1.166,1.166,22,22,22,22,True,0,0
2020-02-27,434,433,1,662,547,0.138,0.138,0.132,0.141,0.175,0.176,0.114,0.206,0.612,0.612,6,6,6,6,True,0,0
2020-03-05,434,433,1,662,547,0.101,0.101,0.092,0.103,0.227,0.227,0.135,0.245,0.612,0.612,6,6,6,6,True,0,0
2020-03-12,433,433,0,663,546,0.0,0.0,0.0,0.0,0.025,0.025,0.023,0.042,0.612,0.612,6,6,6,6,True,0,0
2020-03-19,429,429,0,663,546,0.007,0.007,0.0,0.01,0.191,0.191,0.122,0.221,0.612,0.612,6,6,6,6,True,0,0
2020-03-26,432,432,0,664,545,0.095,0.095,0.08,0.095,0.332,0.332,0.182,0.328,0.612,0.612,6,6,6,6,True,0,0
2020-04-02,431,431,0,664,545,0.057,0.057,0.045,0.056,0.261,0.261,0.14,0.253,0.612,0.612,6,6,6,6,True,0,0
2020-04-09,435,435,0,664,545,0.27,0.27,0.252,0.27,0.383,0.383,0.211,0.382,0.612,0.612,6,6,6,6,True,0,0
2020-04-17,437,435,2,664,545,0.558,0.558,0.533,0.555,0.511,0.512,0.269,0.486,0.776,0.776,8,8,8,8,True,0,0
2020-04-24,437,435,2,664,545,0.522,0.522,0.5,0.52,0.465,0.466,0.247,0.446,0.776,0.776,8,8,8,8,True,0,0
2020-05-01,437,435,2,664,545,0.538,0.538,0.527,0.54,0.258,0.259,0.152,0.275,0.776,0.776,8,8,8,8,True,0,0
2020-05-08,437,435,2,664,545,0.533,0.533,0.505,0.533,0.614,0.615,0.34,0.615,0.776,0.776,8,8,8,8,True,0,0
2020-05-15,436,434,2,664,545,0.448,0.448,0.428,0.449,0.457,0.457,0.262,0.471,0.694,0.694,6,6,6,6,True,0,0
2020-05-22,437,435,2,664,545,0.547,0.547,0.522,0.546,0.553,0.555,0.303,0.548,0.946,0.946,13,13,13,13,True,0,0
2020-06-01,437,435,2,664,545,0.829,0.829,0.799,0.829,0.674,0.674,0.374,0.675,1.001,1.001,15,15,15,15,True,0,0
2020-06-08,439,437,2,664,545,0.971,0.971,0.935,0.97,0.8,0.801,0.44,0.795,1.001,1.001,15,15,15,15,True,0,0
2020-06-15,437,435,2,664,545,0.908,0.908,0.879,0.908,0.656,0.656,0.366,0.658,1.001,1.001,15,15,15,15,True,0,0
2020-06-22,439,437,2,664,545,0.863,0.863,0.838,0.863,0.564,0.563,0.315,0.565,1.001,1.001,15,15,15,15,True,0,0
2020-06-29,438,436,2,664,545,0.782,0.782,0.755,0.782,0.612,0.612,0.342,0.614,1.001,1.001,15,15,15,15,True,0,0
2020-07-07,439,437,2,666,543,0.704,0.704,0.686,0.705,0.41,0.411,0.234,0.421,1.001,1.001,15,15,15,15,True,0,0
2020-07-14,439,437,2,666,543,0.796,0.796,0.766,0.795,0.658,0.658,0.362,0.652,1.001,1.001,15,15,15,15,True,0,0
2020-07-21,438,436,2,666,543,0.825,0.825,0.794,0.824,0.676,0.678,0.368,0.665,1.001,1.001,15,15,15,15,True,0,0
2020-07-28,439,437,2,667,542,0.81,0.81,0.786,0.81,0.521,0.521,0.288,0.519,1.166,1.166,22,22,22,22,True,0,0
2020-08-04,439,437,2,667,542,0.818,0.818,0.793,0.82,0.59,0.591,0.339,0.61,1.166,1.166,22,22,22,22,True,0,0
2020-08-11,439,437,2,667,542,0.806,0.806,0.778,0.806,0.623,0.624,0.343,0.619,1.166,1.166,22,22,22,22,True,0,0
2020-08-18,439,437,2,667,542,0.806,0.806,0.781,0.807,0.571,0.573,0.32,0.576,1.166,1.166,22,22,22,22,True,0,0
2020-08-25,440,438,2,668,541,0.838,0.838,0.811,0.838,0.616,0.616,0.346,0.622,1.166,1.166,22,22,22,22,True,0,0
2020-09-01,439,437,2,668,541,0.838,0.838,0.81,0.84,0.657,0.658,0.375,0.674,1.166,1.166,22,22,22,22,True,0,0
2020-09-09,439,437,2,668,541,0.749,0.749,0.718,0.747,0.682,0.683,0.371,0.665,1.001,1.001,15,15,15,15,True,0,0
2020-09-16,439,437,2,668,541,0.74,0.74,0.711,0.739,0.651,0.652,0.359,0.645,1.001,1.001,15,15,15,15,True,0,0
2020-09-23,439,437,2,668,541,0.556,0.556,0.542,0.556,0.31,0.311,0.178,0.319,0.946,0.946,13,13,13,13,True,0,0
2020-09-30,439,437,2,668,541,0.606,0.606,0.578,0.604,0.612,0.612,0.329,0.59,0.946,0.946,13,13,13,13,True,0,0
2020-10-07,441,439,2,668,541,0.77,0.77,0.735,0.768,0.762,0.762,0.412,0.74,1.001,1.001,15,15,15,15,True,0,0
2020-10-14,442,440,2,668,541,0.784,0.784,0.755,0.783,0.627,0.627,0.343,0.615,1.001,1.001,15,15,15,15,True,0,0
2020-10-21,442,439,3,668,541,0.803,0.803,0.778,0.803,0.573,0.574,0.321,0.576,1.1,1.1,18,18,18,18,True,0,0
2020-10-28,440,437,3,669,540,0.593,0.594,0.581,0.596,0.316,0.317,0.189,0.34,0.946,0.946,13,13,13,13,True,0,0
2020-11-04,440,437,3,669,540,0.695,0.695,0.669,0.696,0.606,0.61,0.343,0.614,1.001,1.001,15,15,15,15,True,0,0
2020-11-11,443,440,3,669,540,0.77,0.77,0.737,0.769,0.733,0.734,0.405,0.725,1.001,1.001,15,15,15,15,True,0,0
2020-11-18,444,441,3,670,539,0.758,0.758,0.729,0.759,0.664,0.666,0.375,0.671,1.001,1.001,15,15,15,15,True,0,0
2020-11-25,444,441,3,670,539,0.856,0.856,0.827,0.858,0.691,0.694,0.398,0.71,1.1,1.1,18,18,18,18,True,0,0
2020-12-03,444,441,3,670,539,0.827,0.827,0.793,0.828,0.785,0.787,0.442,0.79,1.1,1.1,18,18,18,18,True,0,0
2020-12-10,444,441,3,670,539,0.802,0.803,0.773,0.805,0.702,0.705,0.411,0.733,1.166,1.166,22,22,22,22,True,0,0
2020-12-17,444,441,3,670,539,0.846,0.847,0.81,0.847,0.84,0.841,0.475,0.845,1.166,1.166,22,22,22,22,True,0,0
2020-12-24,445,442,3,670,539,0.784,0.784,0.748,0.783,0.8,0.803,0.447,0.796,1.166,1.166,22,22,22,22,True,0,0
2021-01-04,445,444,1,672,537,0.728,0.728,0.702,0.73,0.625,0.626,0.363,0.646,1.166,1.166,22,22,22,22,True,0,0
2021-01-11,446,445,1,672,537,0.804,0.804,0.773,0.805,0.729,0.73,0.417,0.743,1.166,1.166,22,22,22,22,True,0,0
2021-01-19,446,445,1,672,537,0.792,0.792,0.759,0.793,0.759,0.76,0.432,0.769,1.166,1.166,22,22,22,22,True,0,0
2021-01-26,447,446,1,672,537,0.824,0.824,0.795,0.826,0.667,0.667,0.386,0.687,1.166,1.166,22,22,22,22,True,0,0
2021-02-02,447,446,1,672,537,0.777,0.777,0.743,0.777,0.774,0.774,0.436,0.777,1.001,1.001,15,15,15,15,True,0,0
2021-02-09,447,446,1,672,537,0.784,0.784,0.754,0.786,0.715,0.716,0.411,0.733,1.1,1.1,18,18,18,18,True,0,0
2021-02-17,447,446,1,672,537,0.766,0.766,0.736,0.767,0.704,0.706,0.397,0.707,1.1,1.1,18,18,18,18,True,0,0
2021-02-24,447,446,1,672,537,0.8,0.8,0.767,0.801,0.777,0.778,0.445,0.792,1.1,1.1,18,18,18,18,True,0,0
2021-03-03,447,446,1,673,536,0.692,0.692,0.666,0.694,0.618,0.62,0.358,0.64,1.1,1.1,18,18,18,18,True,0,0
2021-03-10,447,446,1,673,536,0.702,0.702,0.668,0.702,0.781,0.783,0.439,0.78,1.001,1.001,15,15,15,15,True,0,0
2021-03-17,447,446,1,673,536,0.729,0.73,0.695,0.73,0.776,0.777,0.436,0.779,1.001,1.001,15,15,15,15,True,0,0
2021-03-24,447,447,0,673,536,0.701,0.701,0.668,0.698,0.724,0.724,0.385,0.69,1.001,1.001,15,15,15,15,True,0,0
2021-03-31,447,447,0,674,535,0.812,0.812,0.779,0.811,0.754,0.754,0.417,0.738,1.1,1.1,18,18,18,18,True,0,0
2021-04-08,447,447,0,674,535,0.81,0.81,0.774,0.809,0.806,0.806,0.443,0.787,1.166,1.166,22,22,22,22,True,0,0
2021-04-15,447,447,0,675,534,0.859,0.859,0.818,0.856,0.892,0.892,0.484,0.863,1.166,1.166,22,22,22,22,True,0,0
2021-04-22,447,447,0,675,534,0.839,0.839,0.807,0.839,0.724,0.724,0.405,0.719,1.166,1.166,22,22,22,22,True,0,0
2021-04-29,447,447,0,675,534,0.84,0.84,0.799,0.835,0.883,0.883,0.471,0.838,1.166,1.166,22,22,22,22,True,0,0
2021-05-06,447,447,0,675,534,0.776,0.776,0.737,0.772,0.844,0.844,0.451,0.802,1.166,1.166,22,22,22,22,True,0,0
2021-05-13,447,447,0,675,534,0.696,0.696,0.656,0.691,0.847,0.847,0.451,0.801,1.166,1.166,22,22,18,22,True,0,0
2021-05-20,448,448,0,675,534,0.725,0.725,0.689,0.722,0.796,0.796,0.431,0.763,1.1,1.1,18,18,18,18,True,0,0
2021-05-27,449,449,0,675,534,0.754,0.754,0.719,0.753,0.79,0.79,0.441,0.782,1.1,1.1,18,18,18,18,True,0,0
2021-06-04,449,449,0,675,534,0.731,0.731,0.695,0.729,0.793,0.793,0.436,0.77,1.1,1.1,18,18,18,18,True,0,0
2021-06-11,450,449,1,676,533,0.775,0.776,0.741,0.775,0.785,0.787,0.442,0.782,1.166,1.166,22,22,22,22,True,0,0
2021-06-18,450,449,1,676,533,0.712,0.712,0.692,0.713,0.484,0.486,0.282,0.498,1.166,1.166,22,22,22,22,True,0,0
2021-06-25,450,449,1,676,533,0.765,0.766,0.731,0.764,0.774,0.775,0.43,0.762,1.166,1.166,22,22,22,22,True,0,0
2021-07-02,450,449,1,680,529,0.772,0.773,0.74,0.77,0.717,0.718,0.394,0.695,1.166,1.166,22,22,22,22,True,0,0
2021-07-12,450,449,1,681,528,0.77,0.77,0.738,0.768,0.719,0.72,0.396,0.699,1.166,1.166,22,22,22,22,True,0,0
2021-07-19,450,449,1,682,527,0.699,0.699,0.677,0.697,0.476,0.477,0.259,0.457,1.166,1.166,22,22,18,22,True,0,0
2021-07-26,450,449,1,683,526,0.773,0.773,0.742,0.771,0.695,0.697,0.381,0.671,1.166,1.166,22,22,22,22,True,0,0
2021-08-02,450,449,1,683,526,0.723,0.723,0.694,0.72,0.646,0.647,0.355,0.621,1.166,1.166,22,22,22,22,True,0,0
2021-08-09,451,450,1,682,527,0.743,0.744,0.715,0.741,0.633,0.634,0.346,0.609,1.166,1.166,22,22,22,22,True,0,0
2021-08-16,451,450,1,682,527,0.794,0.794,0.759,0.788,0.72,0.72,0.372,0.655,1.166,1.166,22,22,22,22,True,0,0
2021-08-23,451,450,1,683,526,0.76,0.76,0.727,0.757,0.718,0.718,0.397,0.695,1.166,1.166,22,22,22,22,True,0,0
2021-08-30,452,451,1,683,526,0.769,0.769,0.738,0.766,0.683,0.684,0.374,0.655,1.166,1.166,22,22,22,22,True,0,0
2021-09-07,452,451,1,683,526,0.742,0.742,0.719,0.742,0.543,0.543,0.311,0.544,1.166,1.166,22,22,22,22,True,0,0
2021-09-14,452,451,1,683,526,0.704,0.704,0.681,0.703,0.514,0.515,0.286,0.499,1.166,1.166,22,22,22,22,True,0,0
2021-09-21,451,450,1,683,526,0.625,0.625,0.606,0.626,0.453,0.454,0.265,0.461,1.1,1.1,18,18,15,18,True,0,0
2021-09-28,451,450,1,685,524,0.565,0.565,0.549,0.567,0.4,0.401,0.239,0.418,1.04,1.04,15,15,15,15,True,0,0
2021-10-05,452,451,1,685,524,0.548,0.548,0.523,0.547,0.589,0.59,0.332,0.579,1.04,1.04,15,15,15,15,True,0,0
2021-10-12,452,451,1,685,524,0.557,0.557,0.536,0.559,0.517,0.518,0.304,0.532,1.04,1.04,15,15,15,15,True,0,0
2021-10-19,451,450,1,685,524,0.688,0.688,0.658,0.686,0.691,0.691,0.386,0.673,1.1,1.1,18,18,18,18,True,0,0
2021-10-26,450,449,1,685,524,0.758,0.758,0.73,0.756,0.63,0.631,0.351,0.613,1.166,1.166,22,22,22,22,True,0,0
2021-11-02,450,449,1,685,524,0.812,0.812,0.782,0.81,0.678,0.679,0.378,0.659,1.166,1.166,22,22,22,22,True,0,0
2021-11-09,451,450,1,685,524,0.835,0.835,0.806,0.835,0.68,0.681,0.388,0.678,1.166,1.166,22,22,22,22,True,0,0
2021-11-16,451,450,1,685,524,0.776,0.776,0.746,0.774,0.686,0.687,0.381,0.667,1.166,1.166,22,22,22,22,True,0,0
2021-11-23,451,450,1,686,523,0.762,0.763,0.731,0.759,0.692,0.694,0.373,0.654,1.166,1.166,22,22,22,22,True,0,0
2021-12-01,451,450,1,687,522,0.556,0.556,0.539,0.554,0.367,0.368,0.2,0.35,1.04,1.04,15,15,15,15,True,0,0
2021-12-08,451,450,1,687,522,0.643,0.643,0.613,0.64,0.662,0.663,0.364,0.634,1.001,1.001,15,15,13,15,True,0,0
2021-12-15,453,452,1,687,522,0.617,0.617,0.585,0.612,0.689,0.689,0.367,0.64,0.946,0.946,13,13,13,13,True,0,0
2021-12-22,454,453,1,687,522,0.579,0.579,0.547,0.574,0.683,0.684,0.364,0.633,0.946,0.946,13,13,13,13,True,0,0
2021-12-30,453,452,1,687,522,0.704,0.705,0.676,0.701,0.615,0.616,0.331,0.577,1.1,1.1,18,18,18,18,True,0,0
2022-01-06,453,452,1,688,521,0.657,0.657,0.627,0.654,0.66,0.661,0.356,0.622,1.1,1.1,18,18,18,18,True,0,0
2022-01-13,454,453,1,688,521,0.628,0.628,0.6,0.625,0.602,0.602,0.324,0.567,1.1,1.1,18,18,15,18,True,0,0
2022-01-21,455,454,1,688,521,0.277,0.278,0.26,0.274,0.364,0.365,0.187,0.328,0.82,0.82,9,9,9,9,True,0,0
2022-01-28,455,454,1,690,519,0.454,0.454,0.428,0.45,0.555,0.555,0.298,0.516,0.846,0.846,10,10,10,10,True,0,0
2022-02-04,455,454,1,690,519,0.468,0.467,0.449,0.468,0.444,0.444,0.257,0.444,0.846,0.846,10,10,10,10,True,0,0
2022-02-11,455,454,1,690,519,0.225,0.225,0.21,0.226,0.362,0.362,0.211,0.366,0.612,0.612,6,6,6,6,True,0,0
2022-02-18,457,455,2,690,519,0.294,0.294,0.278,0.294,0.384,0.384,0.221,0.383,0.746,0.746,7,7,7,7,True,0,0
2022-02-28,457,456,1,691,518,0.268,0.268,0.254,0.27,0.368,0.368,0.227,0.392,0.746,0.746,7,7,7,7,True,0,0
2022-03-07,458,457,1,691,518,0.204,0.204,0.192,0.203,0.275,0.275,0.156,0.27,0.612,0.612,6,6,6,6,True,0,0
2022-03-14,458,457,1,691,518,0.23,0.23,0.214,0.228,0.36,0.361,0.196,0.339,0.612,0.612,6,6,6,6,True,0,0
2022-03-21,458,457,1,691,518,0.561,0.561,0.541,0.56,0.469,0.469,0.266,0.462,0.956,0.956,14,14,14,14,True,0,0
2022-03-28,458,457,1,692,517,0.643,0.643,0.616,0.639,0.593,0.594,0.321,0.557,1.001,1.001,15,15,13,15,True,0,0
2022-04-04,459,458,1,692,517,0.751,0.751,0.728,0.751,0.56,0.56,0.321,0.556,1.001,1.001,15,15,15,15,True,0,0
2022-04-11,460,459,1,692,517,0.447,0.447,0.428,0.445,0.412,0.413,0.224,0.388,0.846,0.846,10,10,10,10,True,0,0
2022-04-19,460,459,1,693,516,0.452,0.452,0.423,0.449,0.646,0.646,0.36,0.624,0.846,0.846,10,10,10,10,True,0,0
2022-04-26,460,459,1,693,516,0.233,0.233,0.22,0.232,0.282,0.282,0.155,0.27,0.612,0.612,6,6,6,6,True,0,0
2022-05-03,460,459,1,693,516,0.238,0.238,0.218,0.237,0.451,0.45,0.254,0.44,0.612,0.612,6,6,6,6,True,0,0
2022-05-10,461,460,1,694,515,0.166,0.166,0.153,0.165,0.3,0.3,0.166,0.288,0.612,0.612,6,6,6,6,True,0,0
2022-05-17,461,460,1,695,514,0.186,0.186,0.164,0.185,0.507,0.507,0.286,0.495,0.612,0.612,6,6,6,6,True,0,0
2022-05-24,461,460,1,696,513,0.198,0.198,0.183,0.195,0.311,0.311,0.165,0.286,0.612,0.612,6,6,6,6,True,0,0
2022-06-01,461,460,1,696,513,0.248,0.248,0.236,0.249,0.295,0.295,0.181,0.312,0.612,0.612,6,6,6,6,True,0,0
2022-06-08,462,461,1,696,513,0.442,0.442,0.43,0.443,0.284,0.284,0.172,0.298,0.909,0.909,11,11,11,11,True,0,0
2022-06-15,463,462,1,696,513,0.271,0.271,0.259,0.273,0.321,0.321,0.196,0.338,0.612,0.612,6,6,6,6,True,0,0
2022-06-23,462,461,1,697,512,0.264,0.264,0.25,0.263,0.31,0.311,0.172,0.298,0.612,0.612,6,6,6,6,True,0,0
2022-06-30,463,462,1,698,511,0.207,0.207,0.196,0.205,0.233,0.234,0.128,0.221,0.612,0.612,6,6,6,6,True,0,0
2022-07-08,463,462,1,698,511,0.286,0.286,0.274,0.286,0.273,0.272,0.156,0.269,0.612,0.612,6,6,6,6,True,0,0
2022-07-15,463,462,1,698,511,0.46,0.46,0.441,0.459,0.443,0.444,0.251,0.433,0.694,0.694,6,6,6,6,True,0,0
2022-07-22,463,462,1,699,510,0.449,0.45,0.432,0.447,0.376,0.377,0.203,0.351,0.846,0.846,10,10,10,10,True,0,0
2022-07-29,463,462,1,699,510,0.602,0.602,0.576,0.601,0.613,0.613,0.348,0.6,0.946,0.946,13,13,13,13,True,0,0
2022-08-05,463,462,1,699,510,0.63,0.63,0.607,0.63,0.536,0.536,0.309,0.532,1.001,1.001,15,15,13,15,True,0,0
2022-08-12,463,462,1,699,510,0.736,0.736,0.703,0.734,0.754,0.755,0.427,0.738,1.001,1.001,15,15,15,15,True,0,0
2022-08-19,462,461,1,699,510,0.632,0.632,0.61,0.63,0.498,0.498,0.277,0.477,1.001,1.001,15,15,13,15,True,0,0
2022-08-26,462,461,1,699,510,0.427,0.427,0.414,0.429,0.338,0.338,0.204,0.352,0.846,0.846,10,10,10,10,True,0,0
2022-09-02,462,461,1,699,510,0.357,0.357,0.347,0.36,0.267,0.267,0.167,0.289,0.746,0.746,7,7,7,7,True,0,0
2022-09-12,462,461,1,699,510,0.482,0.482,0.455,0.481,0.633,0.633,0.366,0.632,0.846,0.846,10,10,10,10,True,0,0
2022-09-19,462,461,1,699,510,0.341,0.341,0.322,0.341,0.446,0.445,0.261,0.449,0.746,0.746,7,7,7,7,True,0,0
2022-09-26,463,462,1,699,510,0.269,0.269,0.266,0.27,0.084,0.083,0.06,0.102,0.612,0.612,6,6,6,6,True,0,0
2022-10-03,465,464,1,699,510,0.304,0.304,0.288,0.304,0.38,0.379,0.221,0.381,0.612,0.612,6,6,6,6,True,0,0
2022-10-10,465,464,1,699,510,0.256,0.256,0.247,0.257,0.215,0.215,0.132,0.228,0.612,0.612,6,6,6,6,True,0,0
2022-10-17,466,465,1,699,510,0.311,0.311,0.295,0.313,0.417,0.417,0.25,0.431,0.612,0.612,6,6,6,6,True,0,0
2022-10-24,466,465,1,699,510,0.453,0.453,0.433,0.452,0.452,0.452,0.255,0.439,0.916,0.916,11,11,11,11,True,0,0
2022-10-31,466,465,1,699,510,0.441,0.441,0.423,0.442,0.435,0.434,0.257,0.443,0.846,0.846,10,10,10,10,True,0,0
2022-11-07,467,467,0,700,509,0.508,0.508,0.483,0.507,0.579,0.579,0.331,0.571,0.946,0.946,13,13,10,13,True,0,0
2022-11-14,468,468,0,700,509,0.521,0.521,0.498,0.519,0.519,0.519,0.293,0.505,0.946,0.946,13,13,10,13,True,0,0
2022-11-21,468,468,0,700,509,0.492,0.492,0.462,0.488,0.648,0.648,0.348,0.601,0.846,0.846,10,10,10,10,True,0,0
2022-11-29,468,468,0,700,509,0.519,0.519,0.491,0.518,0.657,0.657,0.373,0.643,0.946,0.946,13,13,10,13,True,0,0
2022-12-06,468,468,0,700,509,0.501,0.501,0.478,0.499,0.536,0.536,0.3,0.517,0.946,0.946,13,13,10,10,True,0,0
2022-12-13,467,467,0,700,509,0.733,0.733,0.701,0.731,0.717,0.717,0.402,0.692,1.001,1.001,15,15,15,15,True,0,0
2022-12-20,469,469,0,700,509,0.436,0.436,0.415,0.436,0.505,0.505,0.296,0.509,0.846,0.846,10,10,10,10,True,0,0
2022-12-28,469,469,0,700,509,0.34,0.34,0.325,0.339,0.341,0.341,0.195,0.335,0.746,0.746,7,7,7,7,True,0,0
2023-01-05,468,468,0,700,509,0.462,0.462,0.445,0.463,0.41,0.41,0.242,0.418,0.846,0.846,10,10,10,10,True,0,0
2023-01-12,468,468,0,700,509,0.726,0.726,0.698,0.727,0.672,0.672,0.393,0.677,1.001,1.001,15,15,15,15,True,0,0
2023-01-20,469,468,1,700,509,0.751,0.752,0.721,0.752,0.717,0.718,0.417,0.718,1.001,1.001,15,15,15,15,True,0,0
2023-01-27,469,468,1,700,509,0.809,0.809,0.783,0.81,0.646,0.647,0.382,0.659,1.1,1.1,18,18,18,18,True,0,0
2023-02-03,469,468,1,700,509,0.821,0.821,0.798,0.823,0.572,0.573,0.347,0.597,1.1,1.1,18,18,18,18,True,0,0
2023-02-10,468,467,1,700,509,0.743,0.743,0.715,0.742,0.673,0.674,0.386,0.663,1.1,1.1,18,18,18,18,True,0,0
2023-02-17,468,467,1,701,508,0.725,0.725,0.698,0.725,0.633,0.634,0.366,0.629,1.1,1.1,18,18,18,18,True,0,0
2023-02-27,469,468,1,701,508,0.656,0.656,0.634,0.657,0.545,0.546,0.322,0.555,1.1,1.1,18,18,18,18,True,0,0
2023-03-06,469,468,1,701,508,0.668,0.668,0.646,0.667,0.513,0.513,0.29,0.499,1.1,1.1,18,18,18,18,True,0,0
2023-03-13,468,467,1,701,508,0.344,0.344,0.329,0.343,0.349,0.348,0.196,0.336,0.82,0.82,9,9,9,9,True,0,0
2023-03-20,471,470,1,701,508,0.67,0.671,0.647,0.668,0.531,0.531,0.297,0.509,1.001,1.001,15,15,15,15,True,0,0
2023-03-27,471,470,1,701,508,0.697,0.697,0.676,0.696,0.482,0.483,0.276,0.474,1.001,1.001,15,15,15,15,True,0,0
2023-04-03,471,470,1,701,508,0.757,0.757,0.733,0.755,0.542,0.543,0.307,0.527,1.001,1.001,15,15,15,15,True,0,0
2023-04-11,471,470,1,701,508,0.781,0.781,0.753,0.778,0.627,0.627,0.35,0.6,1.1,1.1,18,18,18,18,True,0,0
2023-04-18,471,470,1,701,508,0.761,0.761,0.736,0.759,0.578,0.578,0.326,0.561,1.166,1.166,22,22,22,22,True,0,0
2023-04-25,471,470,1,701,508,0.715,0.715,0.696,0.712,0.408,0.408,0.217,0.372,1.166,1.166,22,22,22,22,True,0,0
2023-05-02,471,470,1,701,508,0.676,0.676,0.659,0.675,0.405,0.406,0.229,0.394,1.1,1.1,18,18,18,18,True,0,0
2023-05-09,473,472,1,701,508,0.682,0.682,0.662,0.681,0.465,0.466,0.265,0.456,1.1,1.1,18,18,18,18,True,0,0
2023-05-16,474,473,1,701,508,0.657,0.657,0.643,0.657,0.336,0.336,0.198,0.339,1.1,1.1,18,18,18,18,True,0,0
2023-05-23,474,473,1,701,508,0.724,0.725,0.709,0.726,0.381,0.382,0.229,0.392,1.1,1.1,18,18,18,18,True,0,0
2023-05-31,474,473,1,701,508,0.724,0.724,0.709,0.724,0.357,0.357,0.209,0.357,1.166,1.166,22,22,22,22,True,0,0
2023-06-07,473,472,1,701,508,0.784,0.784,0.759,0.785,0.617,0.618,0.365,0.626,1.166,1.166,22,22,22,22,True,0,0
2023-06-14,473,472,1,702,507,0.811,0.811,0.787,0.811,0.561,0.562,0.328,0.562,1.166,1.166,22,22,22,22,True,0,0
2023-06-22,474,473,1,702,507,0.833,0.833,0.811,0.832,0.528,0.528,0.304,0.52,1.166,1.166,22,22,22,22,True,0,0
2023-06-29,474,473,1,702,507,0.799,0.799,0.769,0.797,0.705,0.706,0.402,0.689,1.166,1.166,22,22,22,22,True,0,0
2023-07-07,474,473,1,702,507,0.767,0.767,0.742,0.769,0.629,0.629,0.381,0.652,1.166,1.166,22,22,22,22,True,0,0
2023-07-14,475,474,1,702,507,0.762,0.762,0.734,0.76,0.638,0.638,0.361,0.618,1.166,1.166,22,22,22,22,True,0,0
2023-07-21,475,474,1,702,507,0.828,0.828,0.795,0.824,0.747,0.747,0.412,0.706,1.166,1.166,22,22,22,22,True,0,0
2023-07-28,475,474,1,702,507,0.808,0.808,0.777,0.808,0.739,0.74,0.43,0.735,1.166,1.166,22,22,22,22,True,0,0
2023-08-04,475,474,1,702,507,0.746,0.746,0.726,0.749,0.535,0.536,0.329,0.565,1.166,1.166,22,22,22,22,True,0,0
2023-08-11,475,474,1,702,507,0.701,0.701,0.676,0.7,0.59,0.591,0.339,0.581,1.166,1.166,22,22,18,22,True,0,0
2023-08-18,475,474,1,702,507,0.635,0.635,0.616,0.637,0.498,0.499,0.302,0.518,1.1,1.1,18,18,15,18,True,0,0
2023-08-25,475,473,2,702,507,0.629,0.629,0.607,0.629,0.533,0.535,0.31,0.531,1.1,1.1,18,18,15,18,True,0,0
2023-09-01,476,474,2,702,507,0.706,0.706,0.683,0.707,0.579,0.581,0.345,0.592,1.166,1.166,22,22,22,22,True,0,0
2023-09-11,476,474,2,704,505,0.679,0.679,0.659,0.68,0.495,0.496,0.293,0.5,1.1,1.1,18,18,18,22,True,0,0
2023-09-18,476,474,2,704,505,0.702,0.702,0.683,0.703,0.455,0.457,0.27,0.463,1.166,1.166,22,22,22,22,True,0,0
2023-09-25,476,474,2,704,505,0.612,0.612,0.596,0.614,0.42,0.421,0.254,0.435,1.04,1.04,15,15,15,15,True,0,0
2023-10-02,475,473,2,704,505,0.555,0.555,0.545,0.556,0.263,0.264,0.164,0.281,1.04,1.04,15,15,15,15,True,0,0
2023-10-09,475,474,1,705,504,0.575,0.575,0.557,0.576,0.442,0.443,0.264,0.451,1.04,1.04,15,15,15,15,True,0,0
2023-10-16,475,474,1,705,504,0.605,0.605,0.583,0.605,0.543,0.544,0.317,0.541,1.04,1.04,15,15,15,15,True,0,0
2023-10-23,476,475,1,705,504,0.559,0.559,0.549,0.56,0.249,0.249,0.149,0.254,1.04,1.04,15,15,15,15,True,0,0
2023-10-30,476,475,1,705,504,0.373,0.373,0.356,0.373,0.4,0.4,0.23,0.391,0.82,0.82,9,9,9,9,True,0,0
2023-11-06,477,475,2,705,504,0.596,0.596,0.579,0.596,0.406,0.407,0.239,0.409,1.04,1.04,15,15,15,15,True,0,0
2023-11-13,477,475,2,705,504,0.62,0.62,0.602,0.62,0.435,0.436,0.256,0.435,1.1,1.1,18,18,15,18,True,0,0
2023-11-20,477,475,2,705,504,0.762,0.763,0.735,0.761,0.649,0.651,0.374,0.637,1.1,1.1,18,18,18,18,True,0,0
2023-11-28,477,475,2,705,504,0.816,0.816,0.79,0.814,0.604,0.606,0.344,0.586,1.166,1.166,22,22,22,22,True,0,0
2023-12-05,477,475,2,705,504,0.764,0.764,0.74,0.763,0.56,0.561,0.323,0.55,1.166,1.166,22,22,22,22,True,0,0
2023-12-12,477,475,2,705,504,0.773,0.773,0.742,0.769,0.715,0.716,0.398,0.677,1.166,1.166,22,22,22,22,True,0,0
2023-12-19,478,476,2,705,504,0.848,0.848,0.813,0.847,0.832,0.833,0.482,0.819,1.166,1.166,22,22,22,22,True,0,0
2023-12-27,478,476,2,705,504,0.85,0.85,0.817,0.848,0.764,0.765,0.441,0.75,1.166,1.166,22,22,22,22,True,0,0
2024-01-04,478,476,2,705,504,0.775,0.775,0.744,0.773,0.723,0.725,0.411,0.699,1.166,1.166,22,22,22,22,True,0,0
2024-01-11,478,476,2,705,504,0.746,0.746,0.716,0.743,0.687,0.688,0.391,0.666,1.166,1.166,22,22,22,22,True,0,0
2024-01-19,478,476,2,706,503,0.79,0.79,0.759,0.789,0.736,0.737,0.424,0.72,1.166,1.166,22,22,22,22,True,0,0
2024-01-26,478,476,2,706,503,0.812,0.812,0.783,0.811,0.685,0.686,0.396,0.672,1.166,1.166,22,22,22,22,True,0,0
2024-02-02,478,476,2,706,503,0.812,0.812,0.785,0.81,0.622,0.624,0.358,0.61,1.166,1.166,22,22,22,22,True,0,0
2024-02-09,478,476,2,706,503,0.806,0.806,0.778,0.805,0.66,0.662,0.385,0.655,1.166,1.166,22,22,22,22,True,0,0
2024-02-16,478,476,2,706,503,0.748,0.748,0.724,0.747,0.567,0.569,0.331,0.562,1.166,1.166,22,22,22,22,True,0,0
2024-02-26,478,477,1,707,502,0.718,0.718,0.695,0.718,0.578,0.579,0.342,0.58,1.1,1.1,18,18,18,18,True,0,0
2024-03-04,479,478,1,708,501,0.791,0.791,0.76,0.788,0.704,0.704,0.399,0.678,1.166,1.166,22,22,22,22,True,0,0
2024-03-11,479,478,1,707,502,0.729,0.729,0.696,0.726,0.745,0.746,0.417,0.709,1.166,1.166,22,22,22,22,True,0,0
2024-03-18,479,478,1,707,502,0.765,0.765,0.734,0.763,0.713,0.713,0.403,0.685,1.166,1.166,22,22,22,22,True,0,0
2024-03-25,480,479,1,707,502,0.776,0.776,0.749,0.776,0.654,0.654,0.384,0.652,1.166,1.166,22,22,22,22,True,0,0
2024-04-02,478,477,1,707,502,0.773,0.773,0.747,0.772,0.614,0.615,0.354,0.599,1.166,1.166,22,22,22,22,True,0,0
2024-04-09,478,477,1,707,502,0.75,0.75,0.718,0.748,0.756,0.757,0.429,0.727,1.166,1.166,22,22,22,22,True,0,0
2024-04-16,478,477,1,707,502,0.616,0.616,0.597,0.616,0.462,0.462,0.273,0.462,1.04,1.04,15,15,15,15,True,0,0
2024-04-23,479,477,2,708,501,0.613,0.614,0.586,0.614,0.667,0.668,0.397,0.671,1.04,1.04,15,15,15,15,True,0,0
2024-04-30,480,477,3,708,501,0.556,0.556,0.537,0.555,0.44,0.442,0.256,0.435,1.04,1.04,15,15,15,15,True,0,0
2024-05-07,480,477,3,708,501,0.647,0.647,0.619,0.646,0.656,0.658,0.381,0.645,1.1,1.1,18,18,15,18,True,0,0
2024-05-14,481,478,3,708,501,0.759,0.759,0.731,0.76,0.691,0.693,0.413,0.697,1.166,1.166,22,22,22,22,True,0,0
2024-05-21,481,478,3,708,501,0.779,0.779,0.752,0.778,0.648,0.65,0.377,0.639,1.166,1.166,22,22,22,22,True,0,0
2024-05-29,481,478,3,709,500,0.766,0.766,0.75,0.767,0.412,0.414,0.251,0.427,1.166,1.166,22,22,22,22,True,0,0
2024-06-05,481,478,3,709,500,0.758,0.758,0.733,0.759,0.624,0.626,0.373,0.629,1.166,1.166,22,22,22,22,True,0,0
2024-06-12,481,478,3,709,500,0.743,0.744,0.719,0.744,0.602,0.603,0.361,0.609,1.166,1.166,22,22,22,22,True,0,0
2024-06-20,481,478,3,709,500,0.763,0.763,0.736,0.76,0.608,0.61,0.344,0.582,1.166,1.166,22,22,22,22,True,0,0
2024-06-27,482,479,3,709,500,0.787,0.787,0.762,0.786,0.594,0.596,0.346,0.586,1.166,1.166,22,22,22,22,True,0,0
2024-07-05,482,479,3,710,499,0.783,0.783,0.759,0.78,0.539,0.54,0.301,0.509,1.166,1.166,22,22,22,22,True,0,0
2024-07-12,483,480,3,710,499,0.816,0.816,0.784,0.813,0.753,0.755,0.428,0.721,1.166,1.166,22,22,22,22,True,0,0
2024-07-19,483,480,3,710,499,0.729,0.729,0.704,0.727,0.574,0.576,0.329,0.558,1.166,1.166,22,22,22,22,True,0,0
2024-07-26,483,481,2,711,498,0.68,0.68,0.646,0.677,0.783,0.783,0.448,0.757,1.1,1.1,18,18,18,18,True,0,0
2024-08-02,483,481,2,711,498,0.517,0.517,0.492,0.512,0.524,0.526,0.279,0.474,1.04,1.04,15,15,11,15,True,0,0
2024-08-09,483,481,2,711,498,0.445,0.445,0.417,0.44,0.622,0.622,0.343,0.579,0.846,0.846,10,10,10,10,True,0,0
2024-08-16,483,481,2,712,497,0.549,0.549,0.518,0.545,0.693,0.694,0.389,0.657,0.946,0.946,13,13,13,13,True,0,0
2024-08-23,483,481,2,712,497,0.646,0.646,0.611,0.643,0.809,0.81,0.463,0.779,1.001,1.001,15,15,13,15,True,0,0
2024-08-30,482,480,2,712,497,0.763,0.763,0.726,0.756,0.825,0.826,0.448,0.755,1.001,1.001,15,15,15,15,True,0,0
2024-09-09,482,480,2,712,497,0.666,0.666,0.631,0.658,0.733,0.734,0.387,0.651,1.1,1.1,18,18,18,18,True,0,0
2024-09-16,481,479,2,713,496,0.672,0.672,0.638,0.667,0.754,0.755,0.421,0.709,1.1,1.1,18,18,18,18,True,0,0
2024-09-23,482,480,2,712,497,0.702,0.702,0.667,0.696,0.773,0.774,0.425,0.718,1.1,1.1,18,18,18,18,True,0,0
2024-09-30,482,480,2,713,496,0.737,0.737,0.703,0.732,0.769,0.77,0.429,0.723,1.166,1.166,22,22,22,22,True,0,0
2024-10-07,482,480,2,713,496,0.747,0.747,0.723,0.746,0.568,0.569,0.332,0.559,1.166,1.166,22,22,22,22,True,0,0
2024-10-14,482,480,2,713,496,0.795,0.795,0.759,0.789,0.802,0.803,0.443,0.746,1.166,1.166,22,22,22,22,True,0,0
2024-10-21,483,480,3,713,496,0.752,0.752,0.728,0.75,0.57,0.571,0.327,0.552,1.166,1.166,22,22,22,22,True,0,0
2024-10-28,483,480,3,713,496,0.79,0.79,0.76,0.788,0.69,0.692,0.397,0.667,1.166,1.166,22,22,22,22,True,0,0
2024-11-04,483,480,3,713,496,0.7,0.7,0.675,0.699,0.593,0.595,0.345,0.581,1.166,1.166,22,22,18,22,True,0,0
2024-11-11,483,480,3,713,496,0.734,0.734,0.706,0.733,0.671,0.673,0.395,0.665,1.1,1.1,18,18,18,18,True,0,0
2024-11-18,483,480,3,714,495,0.67,0.671,0.643,0.668,0.644,0.647,0.372,0.627,1.1,1.1,18,18,18,18,True,0,0
2024-11-25,483,480,3,714,495,0.73,0.73,0.699,0.729,0.741,0.743,0.434,0.731,1.1,1.1,18,18,18,18,True,0,0
2024-12-03,484,481,3,714,495,0.784,0.784,0.761,0.785,0.581,0.583,0.35,0.588,1.166,1.166,22,22,22,22,True,0,0
2024-12-10,484,481,3,714,495,0.73,0.73,0.709,0.73,0.529,0.531,0.318,0.536,1.166,1.166,22,22,22,22,True,0,0
2024-12-17,484,481,3,714,495,0.734,0.734,0.717,0.735,0.438,0.44,0.268,0.452,1.166,1.166,22,22,22,22,True,0,0
2024-12-24,485,483,2,714,495,0.674,0.674,0.649,0.673,0.606,0.607,0.356,0.598,1.1,1.1,18,18,18,18,True,0,0
2025-01-02,485,483,2,714,495,0.554,0.554,0.54,0.557,0.38,0.38,0.244,0.409,1.04,1.04,15,15,15,15,True,0,0
2025-01-10,485,484,1,716,493,0.502,0.502,0.491,0.504,0.293,0.292,0.189,0.316,1.04,1.04,15,15,11,15,True,0,0
2025-01-17,485,485,0,717,492,0.637,0.637,0.613,0.636,0.571,0.571,0.336,0.565,1.001,1.001,15,15,13,15,True,0,0
2025-01-27,485,485,0,717,492,0.651,0.651,0.621,0.646,0.659,0.659,0.365,0.614,1.1,1.1,18,18,18,18,True,0,0
2025-02-03,485,485,0,717,492,0.662,0.662,0.641,0.661,0.498,0.498,0.289,0.485,1.1,1.1,18,18,18,18,True,0,0
2025-02-10,485,485,0,717,492,0.73,0.73,0.707,0.73,0.568,0.568,0.334,0.561,1.166,1.166,22,22,22,22,True,0,0
2025-02-18,484,484,0,717,492,0.725,0.725,0.699,0.724,0.641,0.641,0.376,0.63,1.166,1.166,22,22,22,22,True,0,0
2025-02-25,484,484,0,716,493,0.641,0.641,0.615,0.637,0.582,0.582,0.322,0.542,1.1,1.1,18,18,15,18,True,0,0
2025-03-04,485,485,0,716,493,0.515,0.515,0.499,0.513,0.373,0.373,0.214,0.36,1.04,1.04,15,15,11,15,True,0,0
2025-03-11,485,485,0,716,493,0.248,0.248,0.235,0.248,0.337,0.337,0.2,0.336,0.612,0.612,6,6,6,6,True,0,0
2025-03-18,485,485,0,716,493,0.226,0.226,0.21,0.224,0.386,0.386,0.218,0.366,0.612,0.612,6,6,6,6,True,0,0
2025-03-25,485,485,0,716,493,0.48,0.48,0.461,0.478,0.449,0.449,0.255,0.428,0.846,0.846,10,10,10,10,True,0,0
2025-04-01,485,485,0,716,493,0.305,0.305,0.284,0.302,0.487,0.487,0.274,0.459,0.746,0.746,7,7,7,7,True,0,0
2025-04-08,485,485,0,716,493,0.102,0.102,0.097,0.102,0.134,0.134,0.075,0.127,0.612,0.612,6,6,6,6,True,0,0
2025-04-15,485,485,0,717,492,0.161,0.161,0.147,0.16,0.32,0.32,0.184,0.308,0.612,0.612,6,6,6,6,True,0,0
2025-04-23,485,485,0,717,492,0.162,0.162,0.144,0.16,0.427,0.427,0.248,0.413,0.612,0.612,6,6,6,6,True,0,0
2025-04-30,485,485,0,717,492,0.221,0.221,0.2,0.218,0.468,0.468,0.258,0.432,0.612,0.612,6,6,6,6,True,0,0
2025-05-07,485,485,0,717,492,0.301,0.301,0.277,0.298,0.559,0.559,0.319,0.533,0.746,0.746,7,7,7,7,True,0,0
2025-05-14,485,485,0,717,492,0.798,0.798,0.778,0.799,0.493,0.493,0.299,0.501,1.001,1.001,15,15,15,15,True,0,0
2025-05-21,486,486,0,718,491,0.76,0.76,0.743,0.76,0.416,0.416,0.245,0.41,1.1,1.1,18,18,18,18,True,0,0
2025-05-29,486,486,0,718,491,0.782,0.782,0.756,0.78,0.623,0.623,0.362,0.605,1.001,1.001,15,15,15,15,True,0,0
2025-06-05,486,486,0,719,490,0.785,0.785,0.765,0.786,0.519,0.519,0.313,0.524,1.1,1.1,18,18,18,18,True,0,0
2025-06-12,486,486,0,719,490,0.757,0.757,0.73,0.755,0.635,0.635,0.371,0.619,1.166,1.166,22,22,22,22,True,0,0
2025-06-20,486,486,0,719,490,0.74,0.74,0.717,0.739,0.574,0.574,0.336,0.562,1.166,1.166,22,22,22,22,True,0,0
2025-06-27,486,486,0,719,490,0.807,0.807,0.78,0.805,0.644,0.644,0.375,0.626,1.166,1.166,22,22,22,22,True,0,0
2025-07-07,486,486,0,719,490,0.805,0.805,0.784,0.805,0.528,0.528,0.317,0.529,1.166,1.166,22,22,22,22,True,0,0
2025-07-14,487,487,0,720,489,0.861,0.861,0.836,0.861,0.637,0.637,0.382,0.637,1.166,1.166,22,22,22,22,True,0,0
2025-07-21,488,488,0,720,489,0.83,0.83,0.808,0.83,0.547,0.547,0.327,0.545,1.166,1.166,22,22,22,22,True,0,0
2025-07-28,489,489,0,720,489,0.799,0.799,0.778,0.8,0.551,0.551,0.334,0.558,1.166,1.166,22,22,22,22,True,0,0
2025-08-04,489,489,0,721,488,0.778,0.778,0.751,0.777,0.662,0.662,0.389,0.648,1.166,1.166,22,22,22,22,True,0,0
2025-08-11,490,490,0,722,487,0.749,0.749,0.729,0.749,0.502,0.502,0.3,0.499,1.166,1.166,22,22,22,22,True,0,0
2025-08-18,490,490,0,722,487,0.77,0.77,0.748,0.771,0.565,0.565,0.343,0.573,1.166,1.166,22,22,22,22,True,0,0
2025-08-25,490,490,0,722,487,0.741,0.741,0.721,0.742,0.527,0.527,0.319,0.532,1.166,1.166,22,22,22,22,True,0,0
2025-09-02,491,491,0,722,487,0.742,0.742,0.722,0.743,0.513,0.513,0.315,0.525,1.166,1.166,22,22,22,22,True,0,0
2025-09-09,491,491,0,722,487,0.745,0.745,0.723,0.745,0.554,0.554,0.334,0.557,1.166,1.166,22,22,22,22,True,0,0
2025-09-16,491,491,0,722,487,0.776,0.776,0.756,0.778,0.525,0.525,0.33,0.548,1.166,1.166,22,22,22,22,True,0,0
2025-09-23,491,491,0,722,487,0.77,0.77,0.746,0.77,0.598,0.598,0.359,0.596,1.166,1.166,22,22,22,22,True,0,0
2025-09-30,491,491,0,722,487,0.784,0.784,0.758,0.783,0.626,0.626,0.367,0.611,1.166,1.166,22,22,22,22,True,0,0
2025-10-07,491,491,0,722,487,0.763,0.763,0.741,0.762,0.552,0.552,0.323,0.539,1.166,1.166,22,22,22,22,True,0,0
2025-10-14,491,491,0,722,487,0.728,0.728,0.701,0.726,0.637,0.637,0.375,0.621,1.166,1.166,22,22,22,22,True,0,0
2025-10-21,491,491,0,722,487,0.739,0.739,0.715,0.738,0.605,0.605,0.364,0.601,1.166,1.166,22,22,22,22,True,0,0
2025-10-28,491,491,0,721,488,0.762,0.762,0.745,0.764,0.455,0.455,0.288,0.477,1.1,1.1,18,18,18,18,True,0,0
2025-11-04,489,489,0,721,488,0.703,0.703,0.684,0.702,0.47,0.47,0.277,0.459,1.1,1.1,18,18,18,18,True,0,0
2025-11-11,490,490,0,721,488,0.761,0.761,0.737,0.76,0.596,0.596,0.355,0.588,1.166,1.166,22,22,22,22,True,0,0
2025-11-18,490,489,1,720,489,0.665,0.665,0.646,0.666,0.485,0.486,0.297,0.493,1.1,1.1,18,18,18,18,True,0,0
2025-11-25,491,489,2,720,489,0.682,0.682,0.656,0.683,0.652,0.654,0.395,0.657,1.1,1.1,18,18,18,18,True,0,0
2025-12-03,492,490,2,721,488,0.725,0.725,0.703,0.728,0.607,0.608,0.383,0.635,1.1,1.1,18,18,18,18,True,0,0
2025-12-10,492,490,2,722,487,0.721,0.721,0.697,0.722,0.637,0.638,0.395,0.655,1.166,1.166,22,22,22,22,True,0,0
2025-12-17,494,491,3,722,487,0.711,0.711,0.687,0.71,0.577,0.58,0.345,0.574,1.166,1.166,22,22,22,22,True,0,0
2025-12-24,494,492,2,722,487,0.739,0.739,0.712,0.738,0.672,0.674,0.4,0.663,1.166,1.166,22,22,22,22,True,0,0
2026-01-02,494,492,2,722,487,0.697,0.697,0.673,0.697,0.618,0.62,0.376,0.622,1.166,1.166,22,22,18,22,True,0,0
2026-01-09,494,492,2,722,487,0.729,0.729,0.703,0.729,0.655,0.655,0.396,0.654,1.166,1.166,22,22,22,22,True,0,0
2026-01-16,495,493,2,722,487,0.746,0.746,0.721,0.745,0.627,0.628,0.372,0.617,1.166,1.166,22,22,22,22,True,0,0
2026-01-26,495,493,2,722,487,0.703,0.703,0.675,0.701,0.673,0.675,0.397,0.656,1.166,1.166,22,22,18,22,True,0,0
2026-02-02,495,493,2,722,487,0.715,0.715,0.69,0.715,0.636,0.638,0.385,0.636,1.166,1.166,22,22,22,22,True,0,0
2026-02-09,496,494,2,723,486,0.639,0.639,0.613,0.638,0.634,0.635,0.379,0.623,1.1,1.1,18,18,15,18,True,0,0
2026-02-17,496,494,2,723,486,0.643,0.643,0.619,0.642,0.601,0.601,0.355,0.586,1.1,1.1,18,18,15,18,True,0,0
2026-02-24,496,494,2,724,485,0.63,0.63,0.603,0.628,0.663,0.664,0.389,0.641,1.1,1.1,18,18,15,18,True,0,0
2026-03-03,496,494,2,724,485,0.584,0.584,0.563,0.582,0.502,0.503,0.292,0.481,1.04,1.04,15,15,15,15,True,0,0
2026-03-10,496,494,2,724,485,0.581,0.581,0.564,0.581,0.431,0.432,0.261,0.429,1.04,1.04,15,15,15,15,True,0,0
2026-03-17,496,494,2,724,485,0.578,0.578,0.558,0.577,0.497,0.498,0.299,0.489,1.04,1.04,15,15,15,15,True,0,0
2026-03-24,495,493,2,724,485,0.304,0.304,0.286,0.303,0.441,0.442,0.263,0.434,0.82,0.82,9,9,9,9,True,0,0
2026-03-31,495,493,2,724,485,0.255,0.256,0.235,0.256,0.517,0.517,0.316,0.518,0.746,0.746,7,7,6,7,True,0,0
2026-04-08,495,493,2,724,485,0.534,0.534,0.509,0.533,0.622,0.622,0.373,0.61,0.946,0.946,13,13,13,13,True,0,0
2026-04-15,496,494,2,727,482,0.651,0.651,0.632,0.653,0.514,0.514,0.322,0.529,1.001,1.001,15,15,15,15,True,0,0
2026-04-22,496,494,2,727,482,0.706,0.706,0.687,0.708,0.529,0.529,0.335,0.547,1.001,1.001,15,15,15,15,True,0,0
2026-04-29,496,494,2,727,482,0.796,0.796,0.777,0.796,0.471,0.47,0.288,0.472,1.166,1.166,22,22,22,22,True,0,0
2026-05-06,496,494,2,727,482,0.835,0.836,0.813,0.837,0.588,0.589,0.368,0.601,1.166,1.166,22,22,22,22,True,0,0
2026-05-13,497,495,2,727,482,0.803,0.803,0.785,0.803,0.459,0.461,0.285,0.466,1.166,1.166,22,22,22,22,True,0,0
2026-05-20,497,495,2,729,480,0.781,0.781,0.759,0.782,0.593,0.594,0.366,0.597,1.166,1.166,22,22,22,22,True,0,0
2026-05-28,498,496,2,729,480,0.807,0.807,0.786,0.808,0.551,0.552,0.346,0.565,1.166,1.166,22,22,22,22,True,0,0
2026-06-04,497,495,2,729,480,0.802,0.802,0.777,0.801,0.618,0.619,0.373,0.609,1.166,1.166,22,22,22,22,True,0,0
2026-06-11,497,495,2,730,479,0.654,0.654,0.631,0.654,0.603,0.605,0.37,0.603,1.1,1.1,18,18,18,18,True,0,0
2026-06-18,497,495,2,731,478,0.688,0.688,0.667,0.689,0.57,0.571,0.353,0.576,1.1,1.1,18,18,18,18,True,0,0
2026-06-26,499,496,3,731,478,0.603,0.603,0.577,0.602,0.643,0.646,0.387,0.633,1.04,1.04,15,15,15,15,True,0,0
2026-07-06,498,495,3,731,478,0.675,0.676,0.651,0.674,0.607,0.609,0.366,0.598,1.001,1.001,15,15,15,15,True,0,0
2026-07-13,498,495,3,731,478,0.7,0.701,0.673,0.697,0.632,0.635,0.362,0.596,1.1,1.1,18,18,18,18,True,0,0
2026-07-20,499,495,4,731,478,0.687,0.687,0.665,0.686,0.548,0.552,0.324,0.533,1.166,1.166,22,22,18,22,True,0,0
2026-07-27,499,495,4,733,476,0.697,0.698,0.67,0.695,0.684,0.687,0.407,0.663,1.166,1.166,22,22,18,22,True,0,0
2026-08-03,499,495,4,733,476,0.699,0.7,0.673,0.699,0.678,0.681,0.413,0.671,1.166,1.166,22,22,18,22,True,0,0
2026-08-10,499,495,4,734,475,0.708,0.709,0.683,0.706,0.628,0.632,0.37,0.604,1.1,1.1,18,18,18,18,True,0,0
2026-08-17,500,496,4,735,474,0.716,0.717,0.694,0.715,0.551,0.555,0.331,0.538,1.166,1.166,22,22,22,22,True,0,0
2026-08-24,500,496,4,735,474,0.711,0.711,0.683,0.707,0.662,0.665,0.384,0.626,1.166,1.166,22,22,22,22,True,0,0
