{
  "baseline_cagr": 0.1343436010383594,
  "results": {
    "SL_12pct": {
      "cagr": 0.13524750290225218,
      "final_value": 2741816.4890205576,
      "sharpe": 0.504985495493684,
      "max_drawdown": -0.6054005298046542,
      "volatility": 0.24017130613752172,
      "calmar": 0.22340169234059434,
      "trades": 5054,
      "win_rate": 0.5441234665611397,
      "profit_factor": 1.344840962814596,
      "stop_events": 20,
      "protection_days": 3056.0,
      "protection_pct": 46.457889936150806,
      "years": 26.103174603174605
    },
    "SL_13pct": {
      "cagr": 0.127069683991355,
      "final_value": 2270282.8815548415,
      "sharpe": 0.4746831001093865,
      "max_drawdown": -0.605400529804654,
      "volatility": 0.24037009024781258,
      "calmar": 0.2098935791026758,
      "trades": 5101,
      "win_rate": 0.5402862183885513,
      "profit_factor": 1.316024657370824,
      "stop_events": 18,
      "protection_days": 2787.0,
      "protection_pct": 42.368501064153236,
      "years": 26.103174603174605
    },
    "SL_14pct": {
      "cagr": 0.1385415429518455,
      "final_value": 2957227.2416322394,
      "sharpe": 0.5040618621166326,
      "max_drawdown": -0.6381487104367644,
      "volatility": 0.2536284055263007,
      "calmar": 0.21709915053659568,
      "trades": 5329,
      "win_rate": 0.5473822480765622,
      "profit_factor": 1.3221450983967622,
      "stop_events": 13,
      "protection_days": 2315.0,
      "protection_pct": 35.193067801763455,
      "years": 26.103174603174605
    },
    "SL_15pct": {
      "cagr": 0.1343436010383594,
      "final_value": 2685397.1125648683,
      "sharpe": 0.4860081772685239,
      "max_drawdown": -0.6381487104367644,
      "volatility": 0.2574859530982785,
      "calmar": 0.21052083760603607,
      "trades": 5342,
      "win_rate": 0.5434294271808312,
      "profit_factor": 1.318858538289696,
      "stop_events": 13,
      "protection_days": 2237.0,
      "protection_pct": 34.00729705077531,
      "years": 26.103174603174605
    },
    "SL_16pct": {
      "cagr": 0.11899103489079965,
      "final_value": 1881609.2944235804,
      "sharpe": 0.43329483812117514,
      "max_drawdown": -0.6381487104367638,
      "volatility": 0.25723026988684594,
      "calmar": 0.18646286193912298,
      "trades": 5347,
      "win_rate": 0.5447914718533757,
      "profit_factor": 1.2976240867219044,
      "stop_events": 13,
      "protection_days": 2217.0,
      "protection_pct": 33.70325326847066,
      "years": 26.103174603174605
    },
    "SL_17pct": {
      "cagr": 0.1433068869269465,
      "final_value": 3297875.3325476553,
      "sharpe": 0.5201934314632727,
      "max_drawdown": -0.6381487104367639,
      "volatility": 0.25402631467938136,
      "calmar": 0.22456660114358595,
      "trades": 5330,
      "win_rate": 0.5437148217636022,
      "profit_factor": 1.3343079296614435,
      "stop_events": 12,
      "protection_days": 1826.0,
      "protection_pct": 27.759197324414714,
      "years": 26.103174603174605
    },
    "SL_18pct": {
      "cagr": 0.1357528597612403,
      "final_value": 2773854.6646377575,
      "sharpe": 0.4940357095466686,
      "max_drawdown": -0.6381487104367641,
      "volatility": 0.25409056786609524,
      "calmar": 0.2127291923356357,
      "trades": 5361,
      "win_rate": 0.5439283715724679,
      "profit_factor": 1.328658770503342,
      "stop_events": 12,
      "protection_days": 1822.0,
      "protection_pct": 27.698388567953785,
      "years": 26.103174603174605
    },
    "SL_20pct": {
      "cagr": 0.13530643540973974,
      "final_value": 2745534.2295619333,
      "sharpe": 0.4946382756556087,
      "max_drawdown": -0.6381487104367644,
      "volatility": 0.25181274760063516,
      "calmar": 0.21202963070650532,
      "trades": 5520,
      "win_rate": 0.5420289855072464,
      "profit_factor": 1.3089322782151127,
      "stop_events": 8,
      "protection_days": 1315.0,
      "protection_pct": 19.99087868653086,
      "years": 26.103174603174605
    },
    "REC_42d_84d": {
      "cagr": 0.12837559563834433,
      "final_value": 2339955.9984481744,
      "sharpe": 0.4758379243251531,
      "max_drawdown": -0.6568226008592027,
      "volatility": 0.24568310506738258,
      "calmar": 0.19544941886959075,
      "trades": 5424,
      "win_rate": 0.5448008849557522,
      "profit_factor": 1.3082694985916639,
      "stop_events": 14,
      "protection_days": 1867.0,
      "protection_pct": 28.382487078139253,
      "years": 26.103174603174605
    },
    "REC_50d_100d": {
      "cagr": 0.12790040402068215,
      "final_value": 2314368.8318514046,
      "sharpe": 0.4655036113761226,
      "max_drawdown": -0.656822600859203,
      "volatility": 0.2553652193130932,
      "calmar": 0.19472594860982712,
      "trades": 5455,
      "win_rate": 0.5420714940421631,
      "profit_factor": 1.2964466565015196,
      "stop_events": 13,
      "protection_days": 2080.0,
      "protection_pct": 31.620553359683797,
      "years": 26.103174603174605
    },
    "REC_63d_126d": {
      "cagr": 0.1343436010383594,
      "final_value": 2685397.1125648683,
      "sharpe": 0.4860081772685239,
      "max_drawdown": -0.6381487104367644,
      "volatility": 0.2574859530982785,
      "calmar": 0.21052083760603607,
      "trades": 5342,
      "win_rate": 0.5434294271808312,
      "profit_factor": 1.318858538289696,
      "stop_events": 13,
      "protection_days": 2237.0,
      "protection_pct": 34.00729705077531,
      "years": 26.103174603174605
    },
    "REC_75d_150d": {
      "cagr": 0.13400610192719564,
      "final_value": 2664618.8680952913,
      "sharpe": 0.48187584487527524,
      "max_drawdown": -0.6029290058507302,
      "volatility": 0.2609212355644376,
      "calmar": 0.22225850908949657,
      "trades": 5284,
      "win_rate": 0.5420136260408781,
      "profit_factor": 1.2934462616684383,
      "stop_events": 11,
      "protection_days": 2350.0,
      "protection_pct": 35.725144420796596,
      "years": 26.103174603174605
    },
    "REC_90d_180d": {
      "cagr": 0.12695017501728123,
      "final_value": 2264007.4275024263,
      "sharpe": 0.4642418166333833,
      "max_drawdown": -0.6029290058507303,
      "volatility": 0.25306621326369394,
      "calmar": 0.2105557599408492,
      "trades": 5210,
      "win_rate": 0.5429942418426104,
      "profit_factor": 1.302226942807514,
      "stop_events": 10,
      "protection_days": 2396.0,
      "protection_pct": 36.424445120097296,
      "years": 26.103174603174605
    },
    "DEPLOY_90pct": {
      "cagr": 0.1336747334622015,
      "final_value": 2644368.535230252,
      "sharpe": 0.486900304367718,
      "max_drawdown": -0.6287233921832104,
      "volatility": 0.2538153508329095,
      "calmar": 0.21261294732175098,
      "trades": 5349,
      "win_rate": 0.5414096092727613,
      "profit_factor": 1.3277178882000324,
      "stop_events": 13,
      "protection_days": 2237.0,
      "protection_pct": 34.00729705077531,
      "years": 26.103174603174605
    },
    "DEPLOY_92pct": {
      "cagr": 0.13148891728292944,
      "final_value": 2514451.5128323175,
      "sharpe": 0.47793617267394256,
      "max_drawdown": -0.6325268951469051,
      "volatility": 0.25541689000490947,
      "calmar": 0.2078787768421942,
      "trades": 5343,
      "win_rate": 0.5431405577390979,
      "profit_factor": 1.3114756041596263,
      "stop_events": 13,
      "protection_days": 2237.0,
      "protection_pct": 34.00729705077531,
      "years": 26.103174603174605
    },
    "DEPLOY_95pct": {
      "cagr": 0.1343436010383594,
      "final_value": 2685397.1125648683,
      "sharpe": 0.4860081772685239,
      "max_drawdown": -0.6381487104367644,
      "volatility": 0.2574859530982785,
      "calmar": 0.21052083760603607,
      "trades": 5342,
      "win_rate": 0.5434294271808312,
      "profit_factor": 1.318858538289696,
      "stop_events": 13,
      "protection_days": 2237.0,
      "protection_pct": 34.00729705077531,