{
  "config": {
    "initial_capital": 100000,
    "num_positions": 5,
    "hold_minutes": 1200,
    "hold_days_effective": 3,
    "random_seed": 42,
    "universe_size": 40,
    "universe": [
      "AAPL",
      "MSFT",
      "GOOGL",
      "AMZN",
      "NVDA",
      "META",
      "TSLA",
      "BRK-B",
      "JPM",
      "V",
      "JNJ",
      "UNH",
      "XOM",
      "WMT",
      "PG",
      "MA",
      "HD",
      "CVX",
      "MRK",
      "ABBV",
      "PEP",
      "KO",
      "PFE",
      "AVGO",
      "COST",
      "TMO",
      "DIS",
      "ABT",
      "ADBE",
      "BAC",
      "ACN",
      "WFC",
      "CRM",
      "VZ",
      "DHR",
      "NKE",
      "TXN",
      "PM",
      "NEE",
      "AMD"
    ]
  },
  "metrics": {
    "initial_value": 100000.0,
    "final_value": 8392517.822248762,
    "total_return": 82.92517822248763,
    "cagr": 0.18538814844806395,
    "volatility": 0.21170426531807146,
    "max_drawdown": -0.42056201272907784,
    "sharpe_ratio": 0.8149600943071957,
    "calmar_ratio": 0.4408104936655068,
    "hit_rate": 0.5302941176470588,
    "total_trades": 13600,
    "winning_trades": 7212,
    "losing_trades": 6388,
    "avg_win_pct": 0.02165522253045087,
    "avg_loss_pct": -0.020329265878517504,
    "profit_factor": 1.2192233218266102
  }
}